,Page,Clicks,Impressions,Position,CTR,Predicted_CTR_%,CTR_Difference
0,https://www.beautydiaries.gr/omorfoxamos/takaliteraproiontaomorfias/10-enydatikes-kremes-prosopoy-poy-einai-apla-ekpliktikes/,747,8158,21.99,9.16,10.995800000000004,1.8358000000000043
1,https://www.beautydiaries.gr/,683,3166,12.21,21.57,15.519,-6.051
2,https://www.beautydiaries.gr/omorfoxamos/takaliteraproiontaomorfias/10-fantastika-meikap-poy-sto-perasma-toys-afinoyn-tin-pio-alavastrini-epidermida/,430,3785,10.81,11.36,17.580000000000005,6.220000000000006
3,https://www.beautydiaries.gr/omorfoxamos/takaliteraproiontaomorfias/10-kremes-mation-poy-doyleyoyn-grigora-ki-apotelesmatika/,248,8620,29.88,2.88,9.546,6.6659999999999995
4,https://www.beautydiaries.gr/omorfoxamos/takaliteraproiontaomorfias/10-fantastika-face-mists-gia-na-echeis-na-dialegeis/,135,1134,9.73,11.9,11.11459999999999,-0.7854000000000099
5,https://www.beautydiaries.gr/beauty-news-ta-nea-tis-omorfias/soma/telika-ginontai-thaymata-me-ta-adynatistika-proionta-somatos-neas-technologias/,90,879,15.15,10.24,8.6478,-1.5922
6,https://www.beautydiaries.gr/beauty-news-ta-nea-tis-omorfias/grooming/i-pomada-einai-to-pio-vintage-andriko-proion-gia-ta-mallia-kai-soy-echo-tin-kalyteri/,68,1172,9.7,5.8,8.491800000000005,2.691800000000005
7,https://www.beautydiaries.gr/beauty-news-ta-nea-tis-omorfias/makigiaz/les-beiges-i-pio-fina-syllogi-makigiaz-tis-chanel/,59,617,8.73,9.56,10.4416,0.8815999999999988
8,https://www.beautydiaries.gr/omorfoxamos/takaliteraproiontaomorfias/10-teleia-micellar-waters-gia-na-vreis-to-diko-soy-agapimeno/,59,477,16.99,12.37,11.518400000000002,-0.8515999999999977
9,https://www.beautydiaries.gr/apopsi/tade-efi/to-lip-balm-me-chroma-poy-tha-forethei-poly/,51,845,8.55,6.04,9.560599999999999,3.520599999999999
10,https://www.beautydiaries.gr/oraioi-anthropoi/beauty-expert/grigoris-pyrpylis-o-ellinas-make-up-ambassador-tis-shiseido-vlepei-pera-apo-ta-trends/,49,793,13.74,6.18,9.268199999999998,3.0881999999999987
11,https://www.beautydiaries.gr/beautynews/soma/telika-ginontai-thaymata-me-ta-adynatistika-proionta-somatos-neas-technologias/,49,320,9.25,15.31,14.922199999999984,-0.38780000000001635
12,https://www.beautydiaries.gr/beauty-news-ta-nea-tis-omorfias/soma/h-100-vegan-enydatiki-krema-somatos-echei-to-pio-teleio-aroma-gkreipfroyt/,47,547,15.78,8.59,9.289399999999993,0.6993999999999936
13,https://www.beautydiaries.gr/beauty-news-ta-nea-tis-omorfias/farmakeio/ti-symvainei-me-to-eye-patch-poy-menei-sta-matia-4-ores-kai-fotizei-toso-to-vlemma/,45,316,13.07,14.24,13.859600000000002,-0.3803999999999981
14,https://www.beautydiaries.gr/beauty-news-ta-nea-tis-omorfias/mallia/giati-na-epilexeis-vafi-fytikis-proeleysis-os-therapeia-lampsis-ton-mallion-soy/,44,597,20.63,7.37,7.8870000000000005,0.5170000000000003
15,https://www.beautydiaries.gr/omorfoxamos/takaliteraproiontaomorfias/10-proionta-peripoiisis-prosopoy-gia-kathe-ilikia/,40,883,25.31,4.53,5.721599999999999,1.1915999999999984
16,https://www.beautydiaries.gr/omorfoxamos/beautyreview/to-neo-aroma-paris-riviera-toy-oikoy-chanel-einai-exairetika-lampero-kai-moschovolaei-freskada/,38,332,9.62,11.45,11.4054,-0.044599999999999085
17,https://www.beautydiaries.gr/omorfoxamos/takaliteraproiontaomorfias/10-soyper-apotelesmatika-proionta-somatos-gia-pio-sfrigilo-soma/,36,943,10.09,3.82,5.582399999999998,1.7623999999999982
18,https://www.beautydiaries.gr/omorfoxamos/oikonomikaproiontaomorfias/giati-ayto-to-panaki-ntemakigiaz-einai-must/,36,223,5.08,16.14,14.005599999999992,-2.1344000000000083
19,https://www.beautydiaries.gr/beauty-news-ta-nea-tis-omorfias/aroma/ta-pio-dynamika-aromata-tis-epochis-freskaroyn-ta-mporo-soy/,34,526,22.83,6.46,6.950599999999997,0.49059999999999704
20,https://www.beautydiaries.gr/apopsi/tade-efi/clinique-id-i-mple-kapsoyla-poy-meionei-toys-poroys-kai-veltionei-tin-yfi-tis-epidermidas-apla-xepoylaei/,34,274,17.02,12.41,11.125400000000004,-1.2845999999999957
21,https://www.beautydiaries.gr/apopsi/tade-efi/tha-prepei-na-chrisimopoieis-antiliaki-krema-prin-i-meta-tin-enydatiki-soy/,31,803,22.88,3.86,4.649000000000004,0.7890000000000037
22,https://www.beautydiaries.gr/beauty-news-ta-nea-tis-omorfias/peripoiisiprosopou/to-proto-systima-anamixis-exatomikeymenis-enydatosis-clinique-id-einai-synarpastiko/,30,306,12.08,9.8,8.864400000000003,-0.9355999999999973
23,https://www.beautydiaries.gr/omorfoxamos/takaliteraproiontaomorfias/10-blur-proionta-poy-kontraroyn-ta-filtra-toy-instagram-gia-gymno-ki-apsogo-derma/,29,313,29.77,9.27,7.9304,-1.3396
24,https://www.beautydiaries.gr/beauty-news-ta-nea-tis-omorfias/grooming/to-neo-andriko-aroma-toy-tom-ford-xechorizei-gia-tin-epivlitiki-levanta-kai-tha-kanei-thraysi/,28,367,26.47,7.63,6.8965999999999985,-0.7334000000000014
25,https://www.beautydiaries.gr/oraioi-anthropoi/friend-request/ena-poly-drastirio-koritsi-piso-apo-ton-pagko-toy-oraioteroy-nail-salon-sti-glyfada/,27,604,15.89,4.47,5.249000000000003,0.7790000000000035
26,https://www.beautydiaries.gr/beauty-news-ta-nea-tis-omorfias/peripoiisiprosopou/giati-ena-kalo-lip-balm-einai-toso-sotirio/,26,377,14.86,6.9,6.306200000000001,-0.593799999999999
27,https://www.beautydiaries.gr/diagonismos/kerdise-mia-yperochi-psathini-tsanta-me-4-yperocha-antiliaka-caudalie/,25,1269,16.11,1.97,2.222399999999999,0.25239999999999907
28,https://www.beautydiaries.gr/omorfoxamos/takaliteraproiontaomorfias/10-antiliaka-proionta-somatos-poy-prosferoyn-vathia-enydatosi-kai-soyper-mayrisma/,25,821,31.32,3.05,3.1029999999999998,0.052999999999999936
29,https://www.beautydiaries.gr/omorfoxamos/oikonomikaproiontaomorfias/pare-meros-ston-kalokairino-diagonismo-tis-frezyderm-kai-kerdise-ta-antiliaka-soy/,25,525,27.43,4.76,3.2810000000000006,-1.4789999999999992
30,https://www.beautydiaries.gr/beauty-news-ta-nea-tis-omorfias/peripoiisiprosopou/vitamini-c-kai-retinoli-poia-na-dialexeis-gia-tin-epidermida-soy-kai-giati/,23,270,20.62,8.52,6.536200000000001,-1.9837999999999987
31,https://www.beautydiaries.gr/apopsi/tade-efi/3-fantastika-xira-ladia-kai-5-monadikoi-tropoi-chrisis/,23,239,21.49,9.62,6.774000000000004,-2.8459999999999956
32,https://www.beautydiaries.gr/beauty-news-ta-nea-tis-omorfias/peripoiisiprosopou/giati-echeis-mayroys-kykloys-eno-koimasai-oso-chreiazetai/,21,696,52.93,3.02,3.1165999999999996,0.09659999999999958
33,https://www.beautydiaries.gr/beauty-news-ta-nea-tis-omorfias/aroma/4-kalokairina-aromata-poy-ta-foras-kai-niotheis-oti-eisai-se-nisi/,21,503,19.1,4.17,3.6908,-0.47920000000000007
34,https://www.beautydiaries.gr/blog/o-aygoystos-tha-einai-panta-akatamachitos/,21,418,8.98,5.02,4.790800000000002,-0.22919999999999785
35,https://www.beautydiaries.gr/omorfoxamos/takaliteraproiontaomorfias/10-apolepistika-somatos-poy-prosferoyn-tin-pio-veloydini-epidermida/,21,319,13.28,6.58,6.1884000000000015,-0.3915999999999986
36,https://www.beautydiaries.gr/beauty-news-ta-nea-tis-omorfias/makigiaz/nude-kragion-ta-oraiotera-gia-ta-pio-sexi-gymna-cheili/,21,197,10.82,10.66,8.6038,-2.0562000000000005
37,https://www.beautydiaries.gr/author/efi-anesti/,20,1139,2.72,1.76,2.1810000000000005,0.4210000000000005
38,https://www.beautydiaries.gr/omorfoxamos/takaliteraproiontaomorfias/10-yperoches-maskes-prosopoy-poy-prepei-na-dokimaseis-oposdipote-kapoia-stigmi/,20,651,47.47,3.07,3.0153999999999974,-0.054600000000002424
39,https://www.beautydiaries.gr/apopsi/omorfia/omorfi-eisai-kai-fainesai/,20,633,8.57,3.16,2.8023999999999996,-0.3576000000000006
40,https://www.beautydiaries.gr/beauty-news-ta-nea-tis-omorfias/farmakeio/rodochroys-nosos-ti-einai-kai-pos-antimetopizetai/,19,1071,40.88,1.77,1.8467999999999998,0.07679999999999976
41,https://www.beautydiaries.gr/beauty-news-ta-nea-tis-omorfias/peripoiisiprosopou/giati-i-aromatotherapeia-echei-simantiko-rolo-sti-rythmisi-tis-melaninis/,18,346,9.08,5.2,5.103199999999998,-0.09680000000000177
42,https://www.beautydiaries.gr/beauty-news-ta-nea-tis-omorfias/soma/mporei-ena-afroloytro-na-antikatastisei-to-aroma-soy/,16,151,15.79,10.6,9.382600000000007,-1.2173999999999925
43,https://www.beautydiaries.gr/tag/eshop/,15,598,1.07,2.51,2.6136000000000013,0.10360000000000147
44,https://www.beautydiaries.gr/beauty-news-ta-nea-tis-omorfias/makigiaz/ayti-i-paleta-skion-echeis-oles-tis-apochroseis-poy-kolakeyoyn-kathe-tono-epidermidas/,15,339,21.9,4.42,4.5360000000000005,0.11600000000000055
45,https://www.beautydiaries.gr/nyxia/mathe-ton-logo-poy-to-gel-manikioyr-katastrefei-ta-nychia-soy/,14,617,38.0,2.27,2.5057999999999985,0.23579999999999846
46,https://www.beautydiaries.gr/apopsi/tade-efi/giati-ayto-to-voytyro-karite-tis-the-body-shop-einai-toso-thaymatoyrgo/,14,436,21.69,3.21,3.1762000000000006,-0.033799999999999386
47,https://www.beautydiaries.gr/beauty-news-ta-nea-tis-omorfias/peripoiisiprosopou/xekoyrastos-vlemma-3-droseres-kremes-mation-poy-svinoyn-ta-simadia-koyrasis/,14,391,36.08,3.58,3.581400000000002,0.0014000000000020663
48,https://www.beautydiaries.gr/beauty-news-ta-nea-tis-omorfias/peripoiisiprosopou/giati-na-frontiseis-tin-elastini-tis-epidermidas-soy/,14,309,23.19,4.53,4.532000000000002,0.002000000000001556
49,https://www.beautydiaries.gr/omorfoxamos/beautyreview/xereis-oti-i-argilos-kanei-mikra-thaymata-stin-epidermida-prosthese-mia-tetoia-maska-stin-peripoiisi-soy/,14,228,26.62,6.14,5.469800000000001,-0.6701999999999986
50,https://www.beautydiaries.gr/beauty-news-ta-nea-tis-omorfias/aroma/ti-apokalyptei-i-diafimistiki-kampania-toy-neoy-aromatos-gabrielle-chanel-essence/,14,132,9.41,10.61,10.529800000000005,-0.08019999999999428
51,https://www.beautydiaries.gr/oraioi-anthropoi/beauty-expert/maria-simnianaki-i-international-makeup-artist-tis-sephora-gnorizei-mystika-omorfias-alla-kai-ta-trends-gia-to-2022/,13,1016,20.38,1.28,1.4590000000000003,0.17900000000000027
52,https://www.beautydiaries.gr/nyxia/h-kalei-koyoko-foraei-idi-ti-megalyteri-tasi-sta-nychia-gia-to-fthinoporo/,13,409,14.9,3.18,3.2534000000000027,0.07340000000000257
53,https://www.beautydiaries.gr/xoros/ayto-einai-to-farmakeio-toy-mellontos/,12,356,21.8,3.37,3.767600000000003,0.39760000000000284
54,https://www.beautydiaries.gr/oraioi-anthropoi/beauty-icon/3-spoydaies-gynaikes-piso-apo-tis-pio-synarpastikes-istories-omorfias/,12,291,16.52,4.12,4.631000000000001,0.511000000000001
55,https://www.beautydiaries.gr/beauty-news-ta-nea-tis-omorfias/mallia/oi-anagkes-olon-ton-typon-mallion-ekplironontai-me-ligo-ladi-sogias-kai-karyda/,12,190,11.55,6.32,7.592600000000004,1.2726000000000033
56,https://www.beautydiaries.gr/omorfoxamos/oikonomikaproiontaomorfias/dy-syntages-me-to-polychristiko-shea-butter/,12,124,17.28,9.68,9.459800000000007,-0.22019999999999307
57,https://www.beautydiaries.gr/beauty-news-ta-nea-tis-omorfias/peripoiisiprosopou/giati-to-neo-advanced-night-repair-intense-reset-concentrate-tis-estee-lauder-einai-gia-sena/,12,101,9.95,11.88,10.872599999999998,-1.0074000000000023
58,https://www.beautydiaries.gr/beauty-news-ta-nea-tis-omorfias/makigiaz/dialexe-royz-kai-mazi-to-pio-glyko-kalokairino-loyk/,11,651,18.69,1.69,1.693799999999999,0.0037999999999991374
59,https://www.beautydiaries.gr/alithines-istories/made-in-greece/pandrosia-i-istoria-poy-periechei-ti-thaymatoyrgi-aloi-vera/,11,513,31.14,2.14,1.7963999999999993,-0.3436000000000008
60,https://www.beautydiaries.gr/oraioi-anthropoi/friend-request/i-dafni-karavokyri-den-einai-apla-ena-omorfo-koritsi-tis-epochis/,11,431,9.51,2.55,2.1153999999999997,-0.4346000000000001
61,https://www.beautydiaries.gr/omorfoxamos/oikonomikaproiontaomorfias/h-pio-pragmatika-hot-hair-mask-kostizei-mono-e3-99/,11,179,13.17,6.15,6.0710000000000015,-0.07899999999999885
62,https://www.beautydiaries.gr/nyxia/esy-poio-chroma-i-schedio-epilegeis-gia-ta-nychia-ton-diakopon-soy/,10,837,12.08,1.19,1.4059999999999997,0.21599999999999975
63,https://www.beautydiaries.gr/apopsi/tade-efi/5-antiliakes-poydres-poy-kalyptoyn-kathe-anagki-gia-apsogi-epidermida/,10,239,17.67,4.18,3.871600000000001,-0.3083999999999989
64,https://www.beautydiaries.gr/beauty-news-ta-nea-tis-omorfias/soma/ta-nea-afroloytra-tis-nivea-me-argilo-einai-idanika-gia-vathy-katharismo-kai-kostizoyn-ligotero-apo-5-eyro/,10,203,25.45,4.93,4.770800000000003,-0.15919999999999668
65,https://www.beautydiaries.gr/omorfoxamos/symvoulesomorfias/i-teleia-nude-apochrosi-kragion-piso-apo-ti-sosti-epilogi-soy/,10,73,16.01,13.7,9.252199999999998,-4.447800000000001
66,https://www.beautydiaries.gr/apopsi/tade-efi/kathe-thymisi-thelei-chrono/,9,1032,12.09,0.87,1.2383999999999995,0.3683999999999995
67,https://www.beautydiaries.gr/diagonismos/kerdise-ton-teleio-oro-kata-ton-kilidon-vinoperfect-tis-caudalie/,9,618,17.41,1.46,1.6499999999999997,0.18999999999999972
68,https://www.beautydiaries.gr/nyxia/pinakes-zografikis-sta-nychia-i-tasi-poy-anadeiknyei-kallitechnes/,9,516,14.09,1.74,1.5855999999999995,-0.15440000000000054
69,https://www.beautydiaries.gr/omorfoxamos/takaliteraproiontaomorfias/10-ladia-prosopoy-poy-kanoyn-tin-epidermida-pio-veloydini-kai-lamperi-apo-pote/,9,477,46.27,1.89,1.7772,-0.11280000000000001
70,https://www.beautydiaries.gr/page/2/,9,398,1.03,2.26,2.8560000000000003,0.5960000000000005
71,https://www.beautydiaries.gr/apopsi/tade-efi/otan-chreiasteis-droseri-krema-mation-kai-symvoyli-chrisis-gia-poly-lampero-vlemma-klikare-edo/,9,317,39.39,2.84,3.2352000000000007,0.3952000000000009
72,https://www.beautydiaries.gr/blog/prochora-mprosta-thelisi-kai-polyvitamines-oneiron-chreiazesai/,9,232,9.75,3.88,3.7776000000000014,-0.10239999999999849
73,https://www.beautydiaries.gr/omorfoxamos/symvoulesomorfias/3-tropoi-1-symvoyli-gia-na-kaneis-to-fon-n/,9,188,26.54,4.79,4.6612,-0.12880000000000003
74,https://www.beautydiaries.gr/beauty-news-ta-nea-tis-omorfias/makigiaz/to-kragion-einai-to-apolyto-oplo-goiteias-kai-giortazei-simera-alla-kai-kathimerina/,9,159,17.09,5.66,5.7722000000000016,0.11220000000000141
75,https://www.beautydiaries.gr/2011/03/05/κυρία-με-τα-όλα-της/,9,105,9.53,8.57,8.105199999999998,-0.4648000000000021
76,https://www.beautydiaries.gr/apopsi/tade-efi/ola-osa-thes-na-xereis-gia-tin-limited-edition-maska-tis-kiehl-s-kai-gia-osa-me-eythyni-pros-to-perivallon-dimioyrgei/,9,65,20.08,13.85,8.694399999999998,-5.1556000000000015
77,https://www.beautydiaries.gr/omorfoxamos/takaliteraproiontaomorfias/10-kremes-nychtas-poy-afinoyn-tin-epidermida-soy-oneiremeni-to-epomeno-kiolas-proi/,8,375,42.65,2.13,2.8340000000000005,0.7040000000000006
78,https://www.beautydiaries.gr/beauty-news-ta-nea-tis-omorfias/mallia/oraia-mallia-einai-ta-enydatomena-mallia/,8,194,13.94,4.12,5.407600000000001,1.2876000000000012
79,https://www.beautydiaries.gr/omorfoxamos/takaliteraproiontaomorfias/10-teleies-maskara-poy-den-kompiazoyn-me-tipota/,8,187,25.77,4.28,4.9559999999999995,0.6759999999999993
80,https://www.beautydiaries.gr/beauty-news-ta-nea-tis-omorfias/mallia/einai-telika-ena-micerall-proion-mallion-o-ti-kalytero-gia-kathimerini-chrisi/,8,127,20.66,6.3,6.499200000000003,0.19920000000000293
81,https://www.beautydiaries.gr/beautynews/peripoiisi/xekoyrastos-vlemma-3-droseres-kremes-mation-poy-svinoyn-ta-simadia-koyrasis/,8,108,22.73,7.41,6.834200000000002,-0.5757999999999983
82,https://www.beautydiaries.gr/omorfoxamos/beautyreview/ayta-ta-advent-calendar-einai-ta-best-seller-xristoygenniatika-dora-pagkosmios/,8,102,17.83,7.84,8.107000000000001,0.26700000000000124
83,https://www.beautydiaries.gr/beauty-news-ta-nea-tis-omorfias/mallia/esy-xereis-ti-akrivos-kanei-ena-primer-mallion/,8,80,17.54,10.0,9.333599999999999,-0.6664000000000012
84,https://www.beautydiaries.gr/category/oraioi-anthropoi/,7,972,1.94,0.72,1.4263999999999992,0.7063999999999993
85,https://www.beautydiaries.gr/diagonismos/kerdise-mia-fytiki-vafi-aveda-sto-kommotirio-steki-moy-aveda-teo/,7,851,50.66,0.82,1.1106,0.2906000000000001
86,https://www.beautydiaries.gr/beautynews/aroma/esy-xereis-poia-i-diafora-toy-eau-de-toilette-apo-to-eau-de-parfum/,7,595,9.03,1.18,1.3503999999999998,0.17039999999999988
87,https://www.beautydiaries.gr/apopsi/tade-efi/poia-einai-i-istoria-piso-apo-ena-yperocho-kragion-me-ploysio-chroma/,7,475,45.53,1.47,1.4403999999999997,-0.029600000000000293
88,https://www.beautydiaries.gr/beauty-news-ta-nea-tis-omorfias/mallia/yparchoyn-ki-ayta-ta-chtenismata-poy-antechoyn-sti-zesti/,7,210,25.97,3.33,3.1224000000000003,-0.20759999999999978
89,https://www.beautydiaries.gr/beauty-news-ta-nea-tis-omorfias/makigiaz/eisai-online-des-poio-eidos-grammis-eyeliner-soy-tairiazei/,7,198,28.11,3.54,3.6666000000000003,0.12660000000000027
90,https://www.beautydiaries.gr/beauty-news-ta-nea-tis-omorfias/peripoiisiprosopou/clinique-id-me-ligo-mov-kai-oi-rytides-den-einai-pia-idies/,7,153,34.06,4.58,4.555600000000002,-0.0243999999999982
91,https://www.beautydiaries.gr/blog/mia-istoria-choris-archi-mesi-kai-telos/,7,137,10.0,5.11,5.164000000000003,0.054000000000002935
92,https://www.beautydiaries.gr/apopsi/tade-efi/giati-i-moisture-surge-72-hour-auto-replenishing-hydrator-tis-clinique-einai-o-ti-chreiazesai-gia-olo-to-kalokairi/,7,133,10.28,5.26,5.2416,-0.01839999999999975
93,https://www.beautydiaries.gr/omorfoxamos/quiz/koyiz-posa-xereis-gia-ti-sosti-antiliaki-prostasia/,7,129,14.24,5.43,5.614800000000003,0.18480000000000363
94,https://www.beautydiaries.gr/blog/xereis-oti-lampeis-sta-alitheia-poly-otan-chamogelas-apo-kardias/,7,110,13.71,6.36,6.165400000000004,-0.1945999999999959
95,https://www.beautydiaries.gr/omorfoxamos/politeliproiontaomorfias/ayto-to-polyteles-aroma-einai-voytygmeno-se-roymi-me-giasemi-kai-piperi/,7,94,13.19,7.45,7.014399999999998,-0.43560000000000176
96,https://www.beautydiaries.gr/omorfoxamos/symvoulesomorfias/me-toso-kryo-den-soy-stronei-to-kragion-dokimase-na-kaneis-apolepisi-cheilion/,7,94,16.44,7.45,7.268799999999998,-0.18120000000000225
97,https://www.beautydiaries.gr/tag/scrub-cheilion/,7,28,38.43,25.0,14.193199999999997,-10.806800000000003
98,https://www.beautydiaries.gr/oraioi-anthropoi/celebrity-beauty/h-margkot-rompi-apokalypse-sto-diadiktyo-to-neo-tis-aroma/,6,503,14.62,1.19,1.3093999999999995,0.1193999999999995
99,https://www.beautydiaries.gr/oraioi-anthropoi/celebrity-beauty/h-margkot-elis-rompi-ki-o-oikos-chanel-molis-edosan-ta-cheria-kai-i-esans-epitychias-einai-dedomeni/,6,464,8.32,1.29,1.3063999999999996,0.016399999999999526
100,https://www.beautydiaries.gr/stonkosmotisomorfias/aveda-teo-love-on-the-h-air/,6,422,16.77,1.42,1.5940000000000003,0.17400000000000038
101,https://www.beautydiaries.gr/oraioi-anthropoi/celebrity-beauty/h-matia-tis-kiara-ferani-egine-mia-diki-tis-syllogi-makigiaz-me-tin-ypografi-tis-lancome/,6,211,20.34,2.84,2.6848,-0.15519999999999978
102,https://www.beautydiaries.gr/oraioi-anthropoi/friend-request/poia-einai-i-amelie-poy-dimioyrgei-fantastikes-marmelades-somatos-me-aroma-sokolatas/,6,176,12.04,3.41,3.6259999999999986,0.21599999999999842
103,https://www.beautydiaries.gr/omorfoxamos/takaliteraproiontaomorfias/10-proionta-ntemakigiaz-poy-afairoyn-eykola-kai-grigora-ta-panta-ola/,6,149,23.57,4.03,4.297200000000001,0.26720000000000077
104,https://www.beautydiaries.gr/beauty-news-ta-nea-tis-omorfias/farmakeio/i-caudalie-echei-tin-pio-soyper-antiliaki-seira-gia-sena-poy-noiazesai-gia-to-perivallon/,6,114,22.58,5.26,5.406399999999999,0.14639999999999898
105,https://www.beautydiaries.gr/beauty-news-ta-nea-tis-omorfias/peripoiisiprosopou/tonose-epidermida-mallia-kai-diathesi-me-ligo-tzintzer/,6,110,17.9,5.45,5.623599999999998,0.17359999999999776
106,https://www.beautydiaries.gr/omorfoxamos/takaliteraproiontaomorfias/10-ekpliktika-proionta-peripoiisis-me-simantiki-antiliaki-prostasia-gia-tin-poli/,6,100,39.35,6.0,6.086199999999998,0.08619999999999806
107,https://www.beautydiaries.gr/poia-eimai/,6,95,26.36,6.32,6.144199999999996,-0.17580000000000418
108,https://www.beautydiaries.gr/apopsi/tade-efi/ena-katharistiko-balm-me-triantafylla-einai-i-apantisi-stin-kathimerini-soy-frontida-genika/,6,95,32.01,6.32,6.300599999999996,-0.019400000000004525
109,https://www.beautydiaries.gr/beautynews/aroma/ta-pio-dynamika-aromata-tis-epochis-freskaroyn-ta-mporo-soy/,6,86,9.8,6.98,6.703999999999996,-0.27600000000000424
110,https://www.beautydiaries.gr/beauty-news-ta-nea-tis-omorfias/peripoiisiprosopou/to-antidoto-toy-aythentikoy-ellinikoy-giaoyrtioy-gia-proti-fora-se-mia-superfood-maska/,6,71,27.37,8.45,7.6312,-0.8187999999999995
111,https://www.beautydiaries.gr/beauty-news-ta-nea-tis-omorfias/peripoiisiprosopou/antiliako-se-morfi-poydras-o-nai/,6,67,17.87,8.96,8.603999999999996,-0.3560000000000052
112,https://www.beautydiaries.gr/omorfoxamos/symvoulesomorfias/to-teleio-kragion-poy-forietai-ki-os-royz-kai-ta-spaei/,6,47,14.66,12.77,11.585999999999997,-1.1840000000000028
113,https://www.beautydiaries.gr/beauty-news-ta-nea-tis-omorfias/aroma/tetoia-kanei-o-tom-ford-kai-oi-kalokairinoi-erotes-den-tha-echoyn-imerominia-lixis/,6,38,30.97,15.79,13.427599999999998,-2.362400000000001
114,https://www.beautydiaries.gr/diagonismos/diagonismos-kerdise-doro-mia-yperochi-syllogi-proionton-makigiaz-shiseido-axias-250-eyro/,5,883,19.85,0.57,0.7848000000000002,0.2148000000000002
115,https://www.beautydiaries.gr/apopsi/tade-efi/esy-chrisimopoieis-sosta-ta-proionta-katharismoy-soy/,5,253,18.68,1.98,2.0296000000000003,0.04960000000000031
116,https://www.beautydiaries.gr/omorfoxamos/oikonomikaproiontaomorfias/me-agora-mia-krema-benefiance-tis-shiseido-echeis-doro-ena-neseser-me-mini-proionta/,5,251,11.39,1.99,1.9261999999999995,-0.06380000000000052
117,https://www.beautydiaries.gr/beauty-questions/mikra-mystika-omorfias-gia-oles-tis-ores-24/,5,218,30.92,2.29,2.3814000000000015,0.09140000000000148
118,https://www.beautydiaries.gr/2015/06/29/eικόνες-και-στιγμές-για-να-ουρλιάξεις-wake-up/,5,216,8.46,2.31,2.0689999999999995,-0.24100000000000055
119,https://www.beautydiaries.gr/omorfoxamos/oikonomikaproiontaomorfias/antigiransi-kato-apo-35-eyro/,5,175,63.23,2.86,3.028600000000001,0.16860000000000097
120,https://www.beautydiaries.gr/omorfoxamos/beautyreview/mipos-chreiazesai-ena-magiko-lychnari-kai-ligi-lampsi-sta-matia-gia-na-kaneis-ta-oneira-soy-pragmatikotita/,5,168,22.12,2.98,3.1550000000000007,0.1750000000000007
121,https://www.beautydiaries.gr/apopsi/tade-efi/i-teleia-epidermida-mporei-na-ginei-teleioteri-m-ayto-to-syndyasmo-proionton/,5,166,15.76,3.01,3.0424,0.03240000000000043
122,https://www.beautydiaries.gr/apopsi/omorfia/pote-epapses-na-pisteyeis-oti-eisai-omorfi-diary3/,5,156,8.05,3.21,3.2702,0.06020000000000003
123,https://www.beautydiaries.gr/omorfoxamos/politeliproiontaomorfias/otan-thes-kokkino-kragion-gia-ta-cheili-soy-me-to-pio-deleastiko-aroma/,5,138,18.13,3.62,3.5940000000000016,-0.02599999999999847
124,https://www.beautydiaries.gr/beauty-news-ta-nea-tis-omorfias/farmakeio/ayti-einai-i-teleia-sos-peripoiisi-gia-tin-xiri-ki-eyaisthiti-epidermida/,5,135,22.42,3.7,3.720199999999998,0.020199999999997775
125,https://www.beautydiaries.gr/apopsi/tade-efi/xereis-oti-yparchei-ena-fyto-gia-kathe-epidermida/,5,135,24.73,3.7,3.733399999999998,0.033399999999997654
126,https://www.beautydiaries.gr/beauty-news-ta-nea-tis-omorfias/ti-kanei-i-diki-mas-demy-sto-los-angeles-exo-apo-ta-thrylika-studios-tis-smashbox/,5,124,20.82,4.03,4.021000000000001,-0.008999999999999453
127,https://www.beautydiaries.gr/beauty-news-ta-nea-tis-omorfias/farmakeio/5-protaseis-gia-after-sun-peripoiisi-apo-mia-drastiria-farmakopoio/,5,118,12.69,4.24,4.259800000000001,0.019800000000000928
128,https://www.beautydiaries.gr/stonkosmotisomorfias/lyriki-skini-exclusive-backstage-stin-proetoimasia-makigiaz-tis-diasimoteris-gallikis-operas/,5,112,19.04,4.46,4.387200000000002,-0.0727999999999982
129,https://www.beautydiaries.gr/beauty-news-ta-nea-tis-omorfias/peripoiisiprosopou/poso-aparaitito-einai-to-essence-stin-kathimerini-roytina-peripoiisis/,5,90,12.14,5.56,5.555000000000002,-0.004999999999997229
130,https://www.beautydiaries.gr/omorfoxamos/symvoulesomorfias/etsi-antimetopise-ti-gyalada-tis-epidermidas-soy/,5,66,7.03,7.58,7.6646,0.08460000000000001
131,https://www.beautydiaries.gr/beautynews/makigiaz/giati-einai-must-have-ena-proion-makigiaz-poy-kostizei-9-99-ki-echei-xetrelanei-tin-antriana-lima/,5,64,12.8,7.81,7.856800000000001,0.04680000000000106
132,https://www.beautydiaries.gr/omorfoxamos/takaliteraproiontaomorfias/10-proionta-me-spf-poy-einai-aparaitita-gia-sena-poy-xechnas-tin-antiliaki-soy-to-cheimona/,5,62,36.77,8.06,8.1008,0.04079999999999906
133,https://www.beautydiaries.gr/apopsi/tade-efi/orkizomai-sti-freskada-toy-analafroy-chanel-les-beiges-water-fresh-tint/,5,56,17.14,8.93,7.869399999999998,-1.0606000000000018
134,https://www.beautydiaries.gr/nyxia/ayta-ta-nychia-tha-forethoyn-poly-me-ta-prota-krya/,5,44,8.75,11.36,11.150400000000007,-0.2095999999999929
135,https://www.beautydiaries.gr/beauty-questions/mikra-mystika-omorfias-gia-oles-tis-ores-34/,5,43,12.53,11.63,11.3212,-0.3088000000000015
136,https://www.beautydiaries.gr/des-ta-panta-allios-ki-alliotika/kinisi-mat/,4,642,10.31,0.62,1.0445999999999998,0.42459999999999976
137,https://www.beautydiaries.gr/diagonismos/diagonismos-kerdise-2-anazoogonitika-proionta-somatos-tis-molton-brown/,4,506,15.37,0.79,1.0947999999999998,0.30479999999999974
138,https://www.beautydiaries.gr/apopsi/teleia-i-teleia/,4,415,12.29,0.96,1.1554000000000004,0.19540000000000046
139,https://www.beautydiaries.gr/oraioi-anthropoi/celebrity-beauty/h-klemens-poesi-chrisimopoiei-enydatiki-me-kataprayntikes-idiotites-poy-meionei-to-stres/,4,362,13.7,1.1,1.4282,0.3281999999999998
140,https://www.beautydiaries.gr/blog/gyreyontas-tin-kalokairini-esans-xegnoiasias/,4,293,8.51,1.37,1.5479999999999998,0.17799999999999971
141,https://www.beautydiaries.gr/omorfoxamos/beautyreview/ayto-to-katharistiko-prosopoy-me-tis-pio-veloydines-fysalides-einai-to-kati-allo/,4,278,68.01,1.44,1.7956000000000005,0.3556000000000006
142,https://www.beautydiaries.gr/2014/02/21/όμορφη-είσαι-και-φαίνεσαι/,4,249,12.85,1.61,1.6501999999999994,0.04019999999999935
143,https://www.beautydiaries.gr/apopsi/tade-efi/kinisi-mat/,4,215,16.93,1.86,1.8337999999999999,-0.026200000000000223
144,https://www.beautydiaries.gr/oraioi-anthropoi/celebrity-beauty/to-neo-aroma-poy-den-apochorizetai-pia-i-ariane-labed-einai-mageytiko/,4,144,22.03,2.78,3.0032000000000014,0.22320000000000162
145,https://www.beautydiaries.gr/xoros/ayto-einai-ena-yperocho-nychadiko-sto-n-psychiko/,4,133,12.95,3.01,3.0372,0.027200000000000113
146,https://www.beautydiaries.gr/oraioi-anthropoi/celebrity-beauty/giati-i-mili-mpompi-mpraoyn-vgazei-ti-diki-tis-vegan-seira-kallyntikon/,4,133,13.37,3.01,3.0372,0.027200000000000113
147,https://www.beautydiaries.gr/beauty-news-ta-nea-tis-omorfias/farmakeio/esy-echeis-katalavei-pos-doyleyoyn-ta-boosters-tis-frezyderm/,4,128,30.08,3.12,3.377800000000002,0.2578000000000018
148,https://www.beautydiaries.gr/apopsi/tade-efi/beauty-elixir-mia-pantotini-agapi-apo-to-proto-psit/,4,109,17.11,3.67,4.113200000000001,0.4432000000000009
149,https://www.beautydiaries.gr/beauty-news-ta-nea-tis-omorfias/soma/like-sta-proionta-peripoiisis-somatos-me-1-4-enydatikis-kremas-ki-exotika-aromata/,4,106,23.31,3.77,3.864400000000002,0.09440000000000204
150,https://www.beautydiaries.gr/omorfoxamos/symvoulesomorfias/ola-osa-prepei-na-kaneis-gia-na-echei-soyper-diarkeia-to-kragion-sta-cheili-soy/,4,99,19.81,4.04,4.2024,0.16239999999999988
151,https://www.beautydiaries.gr/alithines-istories/mia-fora-ki-enan-kairo/ola-osa-thes-na-xereis-gia-tin-aveda-poy-anazoogonei-skepsi-kai-psychi/,4,98,21.11,4.08,4.203800000000004,0.12380000000000368
152,https://www.beautydiaries.gr/apopsi/beautynews-apopsi/eides-to-pio-stylish-manikioyr-toy-instagram/,4,96,12.9,4.17,4.350999999999996,0.1809999999999965
153,https://www.beautydiaries.gr/blog/to-teleio-soma-dokimazetai-stin-enthoysiodi-toy-kinisi/,4,95,9.27,4.21,4.410200000000001,0.2002000000000006
154,https://www.beautydiaries.gr/beautynews/makigiaz/eisai-online-des-poio-eidos-grammis-eyeliner-soy-tairiazei/,4,86,21.15,4.65,4.812400000000003,0.16240000000000254
155,https://www.beautydiaries.gr/apopsi/pigaine-oso-pio-makria-ginetai/,4,84,6.82,4.76,5.118600000000002,0.3586000000000018
156,https://www.beautydiaries.gr/2014/07/13/kαλοκαιρινή-συμπεριφορά/,4,77,9.91,5.19,5.4284,0.2383999999999995
157,https://www.beautydiaries.gr/beauty-news-ta-nea-tis-omorfias/peripoiisiprosopou/5-1-ofeli-toy-neroy-micellar-gia-tin-kathe-epidermida/,4,69,20.59,5.8,6.272600000000003,0.47260000000000346
158,https://www.beautydiaries.gr/apopsi/tade-efi/maskaremata-gia-ligi-tryferada/,4,58,8.62,6.9,7.411799999999997,0.5117999999999965
159,https://www.beautydiaries.gr/omorfoxamos/symvoulesomorfias/ti-na-kaneis-otan-den-echeis-mazi-soy-to-agapimeno-soy-highlighter/,4,58,21.97,6.9,6.893399999999999,-0.0066000000000014936
160,https://www.beautydiaries.gr/apopsi/omorfia/ayti-einai-i-alithini-omorfia/,4,52,14.94,7.69,7.831999999999998,0.14199999999999768
161,https://www.beautydiaries.gr/beauty-questions/mikra-mystika-omorfias-gia-oles-tis-ores-38/,4,51,21.24,7.84,7.621199999999995,-0.2188000000000052
162,https://www.beautydiaries.gr/omorfoxamos/beautyreview/dokimasa-kai-latrepsa-tin-teleioteri-paleta-highlighter/,4,45,18.93,8.89,9.379399999999993,0.48939999999999273
163,https://www.beautydiaries.gr/beauty-news-ta-nea-tis-omorfias/makigiaz/giati-einai-must-have-ena-proion-makigiaz-poy-kostizei-9-99-ki-echei-xetrelanei-tin-antriana-lima/,4,37,14.05,10.81,10.831,0.02099999999999902
164,https://www.beautydiaries.gr/beautynews/makigiaz/to-teleiotero-powder-foundation-einai-mia-nea-ki-yperochi-empneysi-tis-kat-von-d/,4,33,9.48,12.12,11.6044,-0.5155999999999992
165,https://www.beautydiaries.gr/beauty-news-ta-nea-tis-omorfias/peripoiisiprosopou/grown-alhemist-apostithise-merika-apithana-gia-tin-kalyteri-viologiki-seira-peripoiisis/,4,24,16.88,16.67,11.009399999999998,-5.660600000000004
166,https://www.beautydiaries.gr/blog/agnanteyontas-to-mple/,3,899,9.08,0.33,0.46759999999999957,0.13759999999999956
167,https://www.beautydiaries.gr/omorfoxamos/symvoulesomorfias/esy-echeis-epilexei-ta-sosta-pinela-makigiaz/,3,800,33.23,0.38,0.5109999999999997,0.13099999999999967
168,https://www.beautydiaries.gr/apopsi/tobeautydiariesstobovary/to-pio-anazoogonitiko-brand-peripoiisis-onomazetai-laneige-kai-prosgeiothike-molis-sta-sephora/,3,391,11.86,0.77,0.824,0.05399999999999994
169,https://www.beautydiaries.gr/diagonismos/kerdise-to-protoporiako-antiliako-polis-tis-avene-poy-prostateyei-apo-toys-rypoys/,3,386,25.87,0.78,0.8414000000000003,0.06140000000000023
170,https://www.beautydiaries.gr/diagonismos/kerdise-ton-kataprayntiko-oro-vinosource-tis-caudalie/,3,339,25.27,0.88,0.9280000000000004,0.048000000000000376
171,https://www.beautydiaries.gr/apopsi/tade-efi/stigmes-me-love/,3,270,12.13,1.11,1.1383999999999999,0.02839999999999976
172,https://www.beautydiaries.gr/omorfoxamos/oikonomikaproiontaomorfias/ekptoseis-epofelisoy-toy-40-tis-estee-lauder-mono-gia-liges-ores-akomi/,3,265,10.32,1.13,1.1402000000000003,0.010200000000000431
173,https://www.beautydiaries.gr/apopsi/omorfia/tha-ithela-na-symvainoyn-pragmata-para-poly-oraia-pragmata/,3,251,10.23,1.2,1.211400000000001,0.011400000000000965
174,https://www.beautydiaries.gr/tag/the-body-shop/,3,241,2.24,1.24,1.2420000000000002,0.002000000000000224
175,https://www.beautydiaries.gr/beauty-news-ta-nea-tis-omorfias/mallia/anavathmise-tin-alogooyra-soy-4-idees-gia-ligi-empneysi/,3,241,27.0,1.24,1.2652000000000008,0.025200000000000777
176,https://www.beautydiaries.gr/apopsi/tade-efi/meli-to-ygro-chrysafi-tis-omorfias-eischorei-se-yperocha-proionta-peripoiisis/,3,230,13.57,1.3,1.2853999999999997,-0.01460000000000039
177,https://www.beautydiaries.gr/diagonismos/kerdise-2-yperocha-proionta-givenchy-apo-tin-apithani-kalokairini-limited-edition-syllogi-makigiaz/,3,202,16.18,1.49,1.5122,0.022199999999999998
178,https://www.beautydiaries.gr/category/alithines-istories/,3,196,16.29,1.53,1.5282000000000004,-0.0017999999999995797
179,https://www.beautydiaries.gr/beauty-news-ta-nea-tis-omorfias/peripoiisiprosopou/emminopaysi-laimos-ntekolte-kai-peripoiisi-sta-50/,3,149,41.36,2.01,2.0850000000000004,0.07500000000000062
180,https://www.beautydiaries.gr/beauty-questions/mikra-mystika-omorfias-gia-oles-tis-ores-35/,3,142,21.72,2.11,2.121,0.01100000000000012
181,https://www.beautydiaries.gr/apopsi/tobeautydiariesstobovary/yparchei-logos-gia-ton-ethismo-sto-kragion-pure-color-desire-rouge-excess-tis-estee-lauder/,3,134,16.8,2.24,2.186199999999999,-0.05380000000000118
182,https://www.beautydiaries.gr/omorfoxamos/symvoulesomorfias/pos-na-diatireis-tin-isorropia-toy-trichotoy-tis-kefalis/,3,123,24.76,2.44,2.4595999999999987,0.01959999999999873
183,https://www.beautydiaries.gr/beauty-questions/mikra-mystika-omorfias-gia-oles-tis-ores-37/,3,119,15.97,2.52,2.506999999999999,-0.013000000000001233
184,https://www.beautydiaries.gr/blog/to-quot-goysto-moy-kapelo-moy-quot-leitoyrgei-san-anazoogonitiki-maska/,3,116,10.99,2.59,2.5536,-0.03639999999999999
185,https://www.beautydiaries.gr/omorfoxamos/beautyreview/i-nea-maskara-tis-too-faced-syzitietai-sto-diadiktyo-oso-kamia-alli/,3,116,14.59,2.59,2.5618000000000007,-0.028199999999999115
186,https://www.beautydiaries.gr/apopsi/omorfia-apopsi/o-ti-moy-travixe-tin-prosochi-ayti-tin-evdomada-4/,3,114,12.12,2.63,2.6037999999999992,-0.026200000000000667
187,https://www.beautydiaries.gr/omorfoxamos/oitaseisstinomorfia/pare-empneysi-apo-to-makigiaz-tis-celia-kritharioti-gia-tin-couture-syllogi-tis-sto-parisi/,3,111,31.96,2.7,2.7284,0.02839999999999998
188,https://www.beautydiaries.gr/omorfoxamos/oikonomikaproiontaomorfias/3-enydatikes-kremes-me-spf-kato-apo-30-eyro/,3,107,26.19,2.8,2.8347999999999995,0.03479999999999972
189,https://www.beautydiaries.gr/beautynews/grooming/i-pomada-einai-to-pio-vintage-andriko-proion-gia-ta-mallia-kai-soy-echo-tin-kalyteri/,3,103,13.45,2.91,2.8383999999999983,-0.07160000000000188
190,https://www.beautydiaries.gr/apopsi/omorfia/psachnontas-gia-iremia/,3,96,17.77,3.12,3.1314000000000006,0.01140000000000052
191,https://www.beautydiaries.gr/oraioi-anthropoi/friend-request/h-aplotita-tis-omorfias-opos-ti-vlepei-ena-dimioyrgiko-koritsi/,3,93,14.48,3.23,3.1679999999999997,-0.06200000000000028
192,https://www.beautydiaries.gr/stonkosmotisomorfias/s-ena-magiko-kipo-milas-kalytera-gia-ta-oraia-tis-fysis-tin-prostasia-toy-planiti-kai-genika-gia-ta-antiliaka-kai-ti-chrisi-toys/,3,92,16.88,3.26,3.1631999999999993,-0.09680000000000044
193,https://www.beautydiaries.gr/apopsi/tade-efi/esy-xereis-to-pio-fantastiko-ladi-gia-soma-kai-mallia-me-to-pio-tropiko-aroma/,3,92,46.39,3.26,3.2773999999999996,0.01739999999999986
194,https://www.beautydiaries.gr/apopsi/tobeautydiariesstobovary/memo-pos-enas-megalos-erotas-egine-to-pio-oraio-aroma/,3,88,12.0,3.41,3.3219999999999983,-0.08800000000000185
195,https://www.beautydiaries.gr/blog/filia-i-apolaysi-tis-anagkis-na-dineis-kai-na-dinesai/,3,85,26.16,3.53,3.4826000000000006,-0.04739999999999922
196,https://www.beautydiaries.gr/apopsi/tade-efi/h-droseri-losion-peripoiisis-me-thymari-einai-soyper-tonotiki/,3,84,43.76,3.57,3.4008,-0.16920000000000002
197,https://www.beautydiaries.gr/beauty-news-ta-nea-tis-omorfias/aroma/aromata-mathe-ola-osa-thes-na-xereis-gia-ti-chrisi-toys/,3,78,21.24,3.85,3.728399999999998,-0.12160000000000215
198,https://www.beautydiaries.gr/beauty-news-ta-nea-tis-omorfias/aroma/thes-exotika-aromata-edo-eisai/,3,71,11.79,4.23,4.333599999999999,0.10359999999999836
199,https://www.beautydiaries.gr/omorfoxamos/oikonomikaproiontaomorfias/to-katharistiko-prosopoy-me-elaio-lemonochortoy-poy-xechorizei-gia-tis-yperoches-katharistikes-toy-idiotites/,3,71,18.94,4.23,4.219999999999998,-0.010000000000002451
200,https://www.beautydiaries.gr/apopsi/tade-efi/giati-ayti-i-krema-einai-i-no1-protasi-enydatosis-ton-dermatologon-stin-ameriki/,3,70,19.09,4.29,4.375599999999999,0.08559999999999857
201,https://www.beautydiaries.gr/apopsi/tade-efi/giati-einai-toso-teleia-ta-vasika-vimata-tis-gallokoreatikis-ierotelestias/,3,68,28.43,4.41,4.381599999999997,-0.02840000000000309
202,https://www.beautydiaries.gr/beauty-news-ta-nea-tis-omorfias/aroma/otan-ena-glyko-aroma-simatodotei-tis-stigmes-charas-soy/,3,61,20.67,4.92,4.724199999999995,-0.19580000000000464
203,https://www.beautydiaries.gr/omorfoxamos/symvoulesomorfias/ayti-einai-i-chrisimotita-toy-sfoyggarioy-konjac/,3,60,18.57,5.0,4.7940000000000005,-0.20599999999999952
204,https://www.beautydiaries.gr/beauty-news-ta-nea-tis-omorfias/soma/mporei-ena-fysiko-systatiko-na-prosferei-frontida-kai-chalarosi-se-soma-kai-pneyma/,3,58,15.98,5.17,5.034999999999999,-0.13500000000000068
205,https://www.beautydiaries.gr/beauty-news-ta-nea-tis-omorfias/makigiaz/to-makigiaz-me-tin-pio-sygklonistiki-yfi-periechei-elaio-triantafylloy/,3,54,14.43,5.56,5.4028,-0.15719999999999956
206,https://www.beautydiaries.gr/omorfoxamos/beautyreview/anakalypse-to-pio-teleio-proion-makigiaz-me-3-chriseis-kai-mia-glossy-synthesi-me-nero-karydas/,3,53,15.79,5.66,5.5539999999999985,-0.10600000000000165
207,https://www.beautydiaries.gr/apopsi/tade-efi/entopistike-to-pio-aorato-antiliako-mist-uv-water-os-oplo-prostasias-gia-kathe-drastirio-efivo/,3,53,24.42,5.66,5.422199999999998,-0.2378000000000018
208,https://www.beautydiaries.gr/omorfoxamos/takaliteraproiontaomorfias/10-teleies-bb-gia-tin-pio-apsogi-ki-alavastrini-epidermida/,3,52,29.08,5.77,5.5624,-0.20759999999999934
209,https://www.beautydiaries.gr/blog/to-restart-einai-to-pio-must-have-proion-lampsis-kai-tonosis/,3,50,7.4,6.0,6.154400000000001,0.15440000000000076
210,https://www.beautydiaries.gr/beauty-news-ta-nea-tis-omorfias/grooming/psithyrise-toy-merika-apo-ta-pio-oraia-antrika-proionta-peripoiisis/,3,49,23.94,6.12,5.7888,-0.33119999999999994
211,https://www.beautydiaries.gr/apopsi/tade-efi/otan-oi-kiniseis-omorfias-tis-koreatikis-ierotelestias-ginontai-megalo-thema-syzitisis/,3,47,21.62,6.38,6.524399999999999,0.1443999999999992
212,https://www.beautydiaries.gr/des-ta-panta-allios-ki-alliotika/pigaine-oso-pio-makria-ginetai/,3,44,6.41,6.82,7.998000000000001,1.1780000000000008
213,https://www.beautydiaries.gr/2015/06/11/το-τελετουργικό-για-να-λάμψεις-κέρδισ/,3,41,26.22,7.32,7.560600000000002,0.24060000000000148
214,https://www.beautydiaries.gr/omorfoxamos/top-10/10-blur-proionta-poy-kontraroyn-ta-filtra-toy-instagram-gia-gymno-ki-apsogo-derma/,3,40,28.18,7.5,7.3938000000000015,-0.10619999999999852
215,https://www.beautydiaries.gr/omorfoxamos/symvoulesomorfias/den-soy-stronei-to-meikap-dokimase-na-kaneis-ayta-ta-vimata/,3,32,9.47,9.38,9.685,0.3049999999999997
216,https://www.beautydiaries.gr/beauty-news-ta-nea-tis-omorfias/makigiaz/to-neo-limited-edition-makigiaz-toy-givenchy-einai-mia-odi-sto-fos-toy-ilioy/,3,31,21.9,9.68,9.363000000000003,-0.3169999999999966
217,https://www.beautydiaries.gr/apopsi/omorfia-apopsi/o-ti-moy-travixe-tin-prosochi-ayti-tin-evdomada-1/,3,30,12.0,10.0,9.703200000000002,-0.2967999999999975
218,https://www.beautydiaries.gr/apopsi/tade-efi/to-micellar-kanei-thaymata-kai-sta-mallia/,3,29,15.07,10.34,9.753400000000001,-0.5865999999999989
219,https://www.beautydiaries.gr/apopsi/tade-efi/einai-ta-pio-atimelita-frydia-i-megalyteri-tasi-toy-kalokairioy/,3,27,32.93,11.11,10.346600000000006,-0.7633999999999936
220,https://www.beautydiaries.gr/apopsi/tade-efi/3-maskes-prosopoy-poy-chrisimopoioyntai-os-apolyto-teletoyrgiko-i-mia-meta-tin-alli/,3,22,30.86,13.64,11.728999999999996,-1.911000000000005
221,https://www.beautydiaries.gr/tag/garnier-bio/,3,21,20.62,14.29,12.071999999999996,-2.2180000000000035
222,https://www.beautydiaries.gr/beautynews/makigiaz/i-nea-emmoni-gia-sexi-cheili-einai-ena-glossy-lip-colour/,3,16,13.81,18.75,17.108400000000003,-1.6415999999999968
223,https://www.beautydiaries.gr/omorfoxamos/politeliproiontaomorfias/otan-to-vlemma-soy-epithymei-to-kalytero/,3,15,8.13,20.0,17.761200000000002,-2.2387999999999977
224,https://www.beautydiaries.gr/category/beauty-news-ta-nea-tis-omorfias/makigiaz/,2,524,1.28,0.38,0.4497999999999999,0.06979999999999992
225,https://www.beautydiaries.gr/beauty-news-ta-nea-tis-omorfias/farmakeio/esy-ti-les-oi-kafe-kilides-antimetopizontai/,2,487,41.65,0.41,0.48700000000000004,0.07700000000000007
226,https://www.beautydiaries.gr/oraioi-anthropoi/nice-to-meet-you/xristina-alexanian-quot-eisai-omorfi-otan-niotheis-omorfa-quot/,2,447,17.09,0.45,0.4927999999999998,0.04279999999999978
227,https://www.beautydiaries.gr/beauty-news-ta-nea-tis-omorfias/farmakeio/antiliaki-prostasia-me-chroma-i-sosti-proini-lampsi/,2,400,49.9,0.5,0.6218,0.12180000000000002
228,https://www.beautydiaries.gr/apopsi/tade-efi/to-makigiaz-soy-tairiazei-me-ta-gyalia-soy/,2,333,49.14,0.6,0.6871999999999998,0.08719999999999983
229,https://www.beautydiaries.gr/blog/einai-teleia-i-opoia-soy-ateleia/,2,306,11.77,0.65,0.7201999999999997,0.07019999999999971
230,https://www.beautydiaries.gr/2014/01/06/κάθε-θύμηση-θέλει-χρόνο-κέρδισε/,2,289,9.71,0.69,0.7467999999999999,0.05679999999999996
231,https://www.beautydiaries.gr/beauty-news-ta-nea-tis-omorfias/peripoiisiprosopou/yparchei-kati-pio-drastiko-gia-tis-vathies-rytides-apo-mia-kali-krema-antigiransis/,2,213,45.26,0.94,0.8666000000000005,-0.07339999999999947
232,https://www.beautydiaries.gr/omorfoxamos/oikonomikaproiontaomorfias/3-teleia-ki-oikonomika-tzel-katharismoy-prosopoy-kato-apo-10-eyro/,2,210,58.86,0.95,0.9140000000000004,-0.03599999999999959
233,https://www.beautydiaries.gr/category/nyxia/,2,172,14.33,1.16,1.171399999999999,0.011399999999999189
234,https://www.beautydiaries.gr/oraioi-anthropoi/celebrity-beauty/h-zoi-kravits-lampei-sto-pleyro-toy-karl-gkloysman-eno-kati-teleio-quot-mageireyei-quot-me-ysl/,2,163,8.12,1.23,1.1885999999999988,-0.041400000000001214
235,https://www.beautydiaries.gr/beauty-news-ta-nea-tis-omorfias/farmakeio/i-enydatiki-krema-me-chroma-ki-antiliako-deikti-prostasias-poy-paei-gia-diploma-eyresitechnias/,2,140,34.71,1.43,1.7298000000000002,0.2998000000000003
236,https://www.beautydiaries.gr/stonkosmotisomorfias/oi-synitheies-ginontai-i-kalyteri-roytina-omorfias-2/,2,132,10.79,1.52,1.6712,0.1512
237,https://www.beautydiaries.gr/apopsi/tade-efi/kalokairini-symperifora/,2,112,9.81,1.79,2.1618000000000004,0.37180000000000035
238,https://www.beautydiaries.gr/apopsi/tade-efi/i-pio-droseri-krema-toy-klokairioy-chrisimopoieitai-poikilotropos/,2,104,14.38,1.92,2.1390000000000002,0.2190000000000003
239,https://www.beautydiaries.gr/apopsi/omorfia/chamogela-poly-kai-deixe-dontia-stin-epochi/,2,91,15.74,2.2,2.3397999999999994,0.13979999999999926
240,https://www.beautydiaries.gr/oraioi-anthropoi/celebrity-beauty/poia-einai-i-gkreis-elizampeth-poy-foraei-to-pio-analafro-ki-elafros-aromatismeno-me-loyloydia-kragion/,2,89,15.38,2.25,2.3149999999999995,0.0649999999999995
241,https://www.beautydiaries.gr/alithines-istories/mia-fora-ki-enan-kairo/o-talantoychos-aromatopoios-francis-kurkdjian-proteinei-na-echeis-mia-aromatiki-gkarntarompa/,2,85,20.05,2.35,2.5301999999999985,0.18019999999999836
242,https://www.beautydiaries.gr/blog/an-thes-na-apolayseis-to-oyranio-toxo-prepei-prota-na-diacheiristeis-ti-vrochi/,2,81,10.1,2.47,2.615799999999999,0.1457999999999986
243,https://www.beautydiaries.gr/beauty-news-ta-nea-tis-omorfias/peripoiisiprosopou/clinique-id-h-prasini-kapsoyla-poy-katapra-nei-kathe-erethismo/,2,67,11.6,2.99,3.1274,0.13739999999999997
244,https://www.beautydiaries.gr/beauty-news-ta-nea-tis-omorfias/makigiaz/ola-osa-thes-na-xereis-gia-to-pio-agapimeno-kai-yperteleio-primer-tis-agoras-poy-ananeonei-ti-syskeyasia-toy/,2,67,34.18,2.99,3.2460000000000004,0.2560000000000002
245,https://www.beautydiaries.gr/omorfoxamos/beautyreview/poso-hot-einai-oi-pseytikes-vlefarides/,2,60,17.98,3.33,3.453200000000002,0.12320000000000197
246,https://www.beautydiaries.gr/omorfoxamos/beautyreview/thes-ena-soyper-analafro-meikap-poy-fernei-se-enydatiki-krema-kai-dinei-apsogo-teleioma/,2,58,16.57,3.45,3.5386000000000006,0.08860000000000046
247,https://www.beautydiaries.gr/apopsi/tade-efi/ayti-i-krema-nychtas-forietai-san-maska-gia-orati-veltiosi-ton-kafe-kilidon-2/,2,58,22.84,3.45,3.5435999999999983,0.09359999999999813
248,https://www.beautydiaries.gr/omorfoxamos/symvoulesomorfias/ta-4-vimata-tis-epitychias-gia-pio-sarkodi-kai-sexi-cheili/,2,57,21.32,3.51,3.593799999999998,0.08379999999999832
249,https://www.beautydiaries.gr/beauty-news-ta-nea-tis-omorfias/farmakeio/prota-katanoise-to-mikrovioma-soy-kai-meta-antimetopise-tis-ateleies-tis-epidermidas-soy/,2,56,28.68,3.57,3.554399999999999,-0.015600000000000946
250,https://www.beautydiaries.gr/omorfoxamos/oitaseisstinomorfia/ta-nude-cheili-oriothetoyn-ti-nea-sezon/,2,55,16.05,3.64,3.6521999999999992,0.0121999999999991
251,https://www.beautydiaries.gr/beauty-news-ta-nea-tis-omorfias/fersoy-san-paidi/3-teleia-paidika-proionta-peripoiisis-poy-kanoyn-kai-gia-sena/,2,54,51.2,3.7,3.8465999999999974,0.14659999999999718
252,https://www.beautydiaries.gr/apopsi/omorfia/to-xenychti-soy-mporei-na-einai-ki-i-idaniki-anazoogonisi-soy/,2,52,20.46,3.85,3.9041999999999972,0.05419999999999714
253,https://www.beautydiaries.gr/apopsi/tade-efi/ola-osa-prepei-na-xereis-gia-to-adynatistiko-elaio-poy-echo-agapisei/,2,52,42.88,3.85,4.105999999999996,0.25599999999999623
254,https://www.beautydiaries.gr/beauty-news-ta-nea-tis-omorfias/kapoy-edo-antilamvanesai-tin-alithini-omorfia-tis-estee-lauder-companies/,2,50,19.14,4.0,4.029399999999998,0.029399999999998094
255,https://www.beautydiaries.gr/oraioi-anthropoi/celebrity-beauty/i-emilia-klark-etheathi-me-yperocho-kokkino-kragion-kai-sexi-aroma-se-mia-paradosiaki-trattoria/,2,48,48.12,4.17,4.410599999999996,0.24059999999999615
256,https://www.beautydiaries.gr/omorfoxamos/beautyreview/to-pio-thaymatoyrgo-proion-peripoiisis-cheilion-mporeis-kai-na-to-fas/,2,44,13.7,4.55,4.731999999999998,0.1819999999999986
257,https://www.beautydiaries.gr/apopsi/changkover-aisiodoxias/,2,43,23.72,4.65,4.698000000000002,0.04800000000000182
258,https://www.beautydiaries.gr/beauty-news-ta-nea-tis-omorfias/grooming/file-moy-an-einai-na-ektetheis-ston-ilio-to-noy-soy-na-to-kaneis-me-asfaleia/,2,42,16.1,4.76,4.769999999999999,0.009999999999998899
259,https://www.beautydiaries.gr/beauty-news-ta-nea-tis-omorfias/soma/mikrovioma-kairos-na-matheis-na-to-frontizeis/,2,42,23.05,4.76,4.744,-0.016000000000000014
260,https://www.beautydiaries.gr/beauty-news-ta-nea-tis-omorfias/makigiaz/mathe-ta-panta-gia-tin-pio-anatreptiki-nude-paleta-skion-poy-periechei-elaio-karydas/,2,41,43.93,4.88,5.0897999999999985,0.20979999999999865
261,https://www.beautydiaries.gr/beauty-questions/mikra-mystika-omorfias-gia-oles-tis-ores-45/,2,39,16.87,5.13,5.1755999999999975,0.04559999999999764
262,https://www.beautydiaries.gr/beauty-news-ta-nea-tis-omorfias/makigiaz/giati-i-nea-syllogi-wild-earth-toy-oikoy-dior-dimioyrgei-megalo-thema-syzitisis/,2,39,26.51,5.13,5.201399999999999,0.0713999999999988
263,https://www.beautydiaries.gr/beauty-news-ta-nea-tis-omorfias/makigiaz/to-rock-chic-pneyma-toy-oikoy-karl-legerfeld-egine-i-pio-alliotiki-limited-seira-makigiaz-tis-l-oreal-paris/,2,38,12.42,5.26,5.4941999999999975,0.23419999999999774
264,https://www.beautydiaries.gr/omorfoxamos/oitaseisstinomorfia/eyeliner-foteina-konsiler-kai-mat-kragion-odi-stin-italiki-aristotechnia-toy-oikoy-dolce-amp-gabbana/,2,36,29.17,5.56,5.417999999999999,-0.14200000000000035
265,https://www.beautydiaries.gr/blog/ti-simainei-na-mporeis-na-echeis-toso-rythmiko-vimatismo/,2,33,7.58,6.06,6.684399999999999,0.6243999999999996
266,https://www.beautydiaries.gr/omorfoxamos/symvoulesomorfias/ti-na-kaneis-gia-na-diatiriseis-soyper-tis-idiotites-mias-maskara/,2,33,12.58,6.06,6.547199999999999,0.48719999999999963
267,https://www.beautydiaries.gr/beauty-news-ta-nea-tis-omorfias/aroma/poio-aroma-dinei-enthoysiodi-kinisi-kai-dynamiko-rythmo/,2,30,15.2,6.67,7.114400000000001,0.4444000000000008
268,https://www.beautydiaries.gr/apopsi/omorfia/i-despoinis-idaniki-einai-i-fysiognomia-tis-epochis/,2,29,11.69,6.9,7.163599999999999,0.2635999999999985
269,https://www.beautydiaries.gr/beautynews/farmakeio/rodochroys-nosos-ti-einai-kai-pos-antimetopizetai/,2,27,14.89,7.41,7.492600000000003,0.0826000000000029
270,https://www.beautydiaries.gr/2015/10/20/χαμογέλα-πολύ-και-δείξε-δόντια-στην-επ/,2,25,6.16,8.0,7.983,-0.017000000000000348
271,https://www.beautydiaries.gr/tag/hydra-biome-probiotic-superdose-face-mask/,2,25,8.44,8.0,7.983,-0.017000000000000348
272,https://www.beautydiaries.gr/omorfoxamos/oitaseisstinomorfia/ayta-ta-hair-trends-tha-s-apascholisoyn-tis-protes-fthinoporines-meres/,2,25,11.56,8.0,7.977799999999999,-0.022200000000000664
273,https://www.beautydiaries.gr/category/apopsi/tade-efi/,2,25,27.48,8.0,8.061399999999997,0.061399999999997235
274,https://www.beautydiaries.gr/omorfoxamos/beautyreview/mat-adiavrocho-kai-vegan-e-nai-ayto-to-meikap-einai-alliotiko/,2,24,15.29,8.33,8.183199999999998,-0.14680000000000248
275,https://www.beautydiaries.gr/beauty-news-ta-nea-tis-omorfias/makigiaz/einai-adynaton-na-min-latrepseis-ayta-ta-nude-kragion-me-13-49e/,2,23,17.0,8.7,8.574799999999996,-0.1252000000000031
276,https://www.beautydiaries.gr/tag/istories-gynaikon/,2,23,22.0,8.7,8.579799999999995,-0.12020000000000408
277,https://www.beautydiaries.gr/omorfoxamos/oitaseisstinomorfia/ta-skoyra-kragion-tha-forethoyn-oso-tipota-allo/,2,22,13.36,9.09,9.478799999999998,0.38879999999999804
278,https://www.beautydiaries.gr/beautynews/aroma/tetoia-kanei-o-tom-ford-kai-oi-kalokairinoi-erotes-den-tha-echoyn-imerominia-lixis/,2,18,7.67,11.11,10.740000000000007,-0.3699999999999921
279,https://www.beautydiaries.gr/beauty-news-ta-nea-tis-omorfias/makigiaz/to-teleiotero-powder-foundation-einai-mia-nea-ki-yperochi-empneysi-tis-kat-von-d/,2,18,11.67,11.11,10.772600000000006,-0.3373999999999935
280,https://www.beautydiaries.gr/omorfoxamos/symvoulesomorfias/anarotiesai-ti-kanoyn-oi-star-toy-cholygoynt-kai-ta-mallia-toys-einai-panta-lampera/,2,17,5.94,11.76,11.571200000000006,-0.18879999999999342
281,https://www.beautydiaries.gr/beauty-news-ta-nea-tis-omorfias/peripoiisiprosopou/clinique-id-i-portokali-kapsoyla-poy-exafanizei-os-dia-mageias-ta-simadia-koyrasis/,2,17,7.35,11.76,11.571200000000006,-0.18879999999999342
282,https://www.beautydiaries.gr/beauty-news-ta-nea-tis-omorfias/mallia/aytoi-einai-5-mono-mythoi-gia-ta-mallia-soy/,2,17,21.06,11.76,11.822599999999998,0.06259999999999799
283,https://www.beautydiaries.gr/beautynews/peripoiisi/clinique-id-me-ligo-mov-kai-oi-rytides-den-einai-pia-idies/,2,15,12.33,13.33,13.314400000000004,-0.015599999999995617
284,https://www.beautydiaries.gr/beauty-news-ta-nea-tis-omorfias/mallia/3-koyp-poy-tairiazoyn-poly-se-gynaikes-ano-ton-40/,2,12,19.67,16.67,14.887,-1.7830000000000013
285,https://www.beautydiaries.gr/apopsi/tade-efi/soy-vrika-tin-oraioteri-antiliaki-krema-gia-tis-panades-soy/,1,437,66.82,0.23,0.3192000000000002,0.0892000000000002
286,https://www.beautydiaries.gr/apopsi/beautynews-apopsi/giati-telika-ena-mono-eyeliner-mporei-na-apogeiosei-kathe-makigiaz-mation/,1,417,57.17,0.24,0.38440000000000013,0.14440000000000014
287,https://www.beautydiaries.gr/apopsi/tade-efi/i-krema-mallion-poy-prepei-na-dokimaseis/,1,222,39.41,0.45,0.5147999999999998,0.0647999999999998
288,https://www.beautydiaries.gr/omorfoxamos/takaliteraproiontaomorfias/10-proionta-se-jelly-yfi-poy-einai-must-have-gia-olo-to-kalokairi/,1,217,25.81,0.46,0.5068000000000003,0.04680000000000023
289,https://www.beautydiaries.gr/apopsi/tade-efi/2-logoi-poy-echo-xetrelathei-me-tis-maskes-tis-galenic/,1,195,23.04,0.51,0.6128000000000003,0.10280000000000034
290,https://www.beautydiaries.gr/beauty-news-ta-nea-tis-omorfias/peripoiisiprosopou/esy-ti-kaneis-gia-tin-apotoxinosi-tis-epidermidas-soy/,1,187,14.26,0.53,0.7276000000000002,0.19760000000000022
291,https://www.beautydiaries.gr/apopsi/tade-efi/anoixe-ta-matia-soy-kai-des-tin-anagki-soy-gia-pio-lampero-vlemma/,1,187,24.68,0.53,0.5866000000000003,0.05660000000000032
292,https://www.beautydiaries.gr/apopsi/tobeautydiariesstobovary/sakoyles-mayroi-kykloi-grammes-kai-rytides-pos-na-deichneis-oti-echeis-koimithei-8-ores/,1,170,56.96,0.59,0.6642000000000001,0.07420000000000015
293,https://www.beautydiaries.gr/omorfoxamos/oitaseisstinomorfia/kare-toy-assoy-ayto-einai-to-pio-dynato-hair-trend-tis-sezon/,1,162,15.54,0.62,0.7126,0.09260000000000002
294,https://www.beautydiaries.gr/omorfoxamos/beautyreview/to-proto-molyvi-frydion-tis-rihanna-einai-gegonos-ki-einai-synarpastiko/,1,142,30.38,0.7,0.8182000000000004,0.11820000000000042
295,https://www.beautydiaries.gr/oraioi-anthropoi/celebrity-beauty/ayto-to-bronze-look-tis-tzenifer-lorens-einai-paneykolo-na-to-petycheis/,1,129,43.02,0.78,0.8088000000000005,0.028800000000000492
296,https://www.beautydiaries.gr/apopsi/tade-efi/i-levanta-einai-must-have-gia-enydatosi-kai-prolipsi-ton-proton-rytidon/,1,127,45.83,0.79,0.8416000000000006,0.051600000000000534
297,https://www.beautydiaries.gr/apopsi/tade-efi/ayto-einai-to-mystiko-gia-tin-prolipsi-ki-antimetopisi-ton-proton-simadion-giransis/,1,118,42.36,0.85,0.8786000000000007,0.028600000000000736
298,https://www.beautydiaries.gr/beauty-questions/mikra-mystika-omorfias-gia-oles-tis-ores-30/,1,117,20.74,0.85,0.9562000000000005,0.10620000000000052
299,https://www.beautydiaries.gr/omorfoxamos/symvoulesomorfias/einai-ena-sfoyggaraki-toso-must-have-gia-kathe-makigiaz/,1,112,33.34,0.89,0.9566000000000001,0.0666000000000001
300,https://www.beautydiaries.gr/beauty-news-ta-nea-tis-omorfias/mallia/h-antiliaki-seira-mallion-tis-phyto-paris-einai-kati-parapano-apo-teleia/,1,112,45.32,0.89,0.9014000000000004,0.01140000000000041
301,https://www.beautydiaries.gr/beauty-news-ta-nea-tis-omorfias/mallia/epidiorthose-to-frizarisma-ton-mallion-soy/,1,110,35.09,0.91,0.9227999999999997,0.0127999999999997
302,https://www.beautydiaries.gr/stonkosmotisomorfias/beauty-day-pos-i-prolipsi-i-omorfia-kai-i-eyexia-droyn-syndyastika-gia-na-lampseis-etsi-apla/,1,100,20.71,1.0,1.0784000000000002,0.07840000000000025
303,https://www.beautydiaries.gr/tag/caudalie/,1,99,1.12,1.01,1.0621999999999998,0.0521999999999998
304,https://www.beautydiaries.gr/omorfoxamos/oikonomikaproiontaomorfias/ora-na-ziseis-simera-mia-black-friday-me-agapimena-aromata-kai-veloydines-yfes-apo-the-body-shop/,1,92,16.84,1.09,1.1140000000000005,0.024000000000000465
305,https://www.beautydiaries.gr/blog/ap-ola-ta-oraia-esy-chrone-mono-esy/,1,90,20.1,1.11,1.1550000000000005,0.04500000000000037
306,https://www.beautydiaries.gr/apopsi/tobeautydiariesstobovary/pos-i-sosti-peripoiisi-prosopoy-energopoiei-tis-leitoyrgies-tis-epidermidas-kata-ti-diarkeia-toy-ypnoy/,1,90,45.01,1.11,1.1336000000000004,0.023600000000000287
307,https://www.beautydiaries.gr/omorfoxamos/symvoulesomorfias/aytes-einai-oi-symvoyles-peripoiisis-gia-lampera-mallia-stin-kardia-toy-kalokairioy/,1,89,52.79,1.12,1.16,0.039999999999999813
308,https://www.beautydiaries.gr/blog/ayto-einai-ena-akomi-analafro-post-gia-ton-aygoysto-poy-sikonei-mono-antiliako-kai-tipota-allo/,1,88,16.32,1.14,1.1408000000000005,0.000800000000000578
309,https://www.beautydiaries.gr/omorfoxamos/beautyreview/3-lansarismata-tis-nyx-cosmetics-poy-einai-ena-epos-gia-to-kathimerino-makigiaz/,1,88,17.84,1.14,1.1637999999999995,0.0237999999999996
310,https://www.beautydiaries.gr/apopsi/tobeautydiariesstobovary/ayto-einai-to-apolyto-kalokairino-aroma-ton-diakopon/,1,88,19.27,1.14,1.1817999999999993,0.04179999999999939
311,https://www.beautydiaries.gr/blog/einai-se-kinisi-ta-psycho-logika-soy-me-tetoio-kairo/,1,87,17.83,1.15,1.1459999999999997,-0.004000000000000226
312,https://www.beautydiaries.gr/blog/i-istoria-piso-apo-ena-oraio-klik/,1,84,11.05,1.19,1.2077999999999995,0.017799999999999594
313,https://www.beautydiaries.gr/nyxia/etsi-tha-epilexeis-to-idaniko-schima-gia-ta-nychia-soy/,1,84,21.39,1.19,1.2067999999999994,0.016799999999999482
314,https://www.beautydiaries.gr/beauty-news-ta-nea-tis-omorfias/mallia/9-fantastikes-persones-anadeiknyoyn-to-lampero-xantho-chroma-ton-mallion-toys-mesa-apo-mia-monadiki-seira-peripoiisis/,1,82,29.8,1.22,1.254799999999999,0.034799999999999054
315,https://www.beautydiaries.gr/beauty-news-ta-nea-tis-omorfias/makigiaz/oi-pio-teleies-kalokairines-skies-mation-den-einai-mpronze/,1,78,33.19,1.28,1.2920000000000003,0.012000000000000233
316,https://www.beautydiaries.gr/omorfoxamos/oitaseisstinomorfia/o-ti-axizei-na-deis-sto-pinterest-gia-na-empneysteis-kai-gia-na-dimioyrgiseis/,1,77,20.12,1.3,1.3013999999999992,0.0013999999999991797
317,https://www.beautydiaries.gr/apopsi/tade-efi/ayto-to-antiliako-prosopoy-me-energo-anthraka-echei-ischyri-drasi-enantia-sti-fotogiransi/,1,77,45.83,1.3,1.2817999999999996,-0.018200000000000438
318,https://www.beautydiaries.gr/blog/i-anadromi-epikoinonia-echei-kapoia-oraia-epirroi/,1,76,34.3,1.32,1.279999999999999,-0.040000000000001146
319,https://www.beautydiaries.gr/apopsi/tade-efi/ayto-einai-to-alfavitari-toy-kalokairioy/,1,72,28.15,1.39,1.418399999999999,0.028399999999999093
320,https://www.beautydiaries.gr/oraioi-anthropoi/celebrity-beauty/h-cara-delevingne-o-peter-philips-kai-to-neo-emvlimatiko-kragion-toy-oikoy-dior-se-proto-plano/,1,71,23.7,1.41,1.4433999999999991,0.03339999999999921
321,https://www.beautydiaries.gr/beautynews/peripoiisi/giati-echeis-mayroys-kykloys-eno-koimasai-oso-chreiazetai/,1,69,29.58,1.45,1.4449999999999992,-0.005000000000000782
322,https://www.beautydiaries.gr/blog/i-monaxia-toy-mpoyntoyar/,1,67,8.9,1.49,1.5126000000000002,0.022600000000000176
323,https://www.beautydiaries.gr/beauty-news-ta-nea-tis-omorfias/peripoiisiprosopou/ta-anti-stres-proionta-peripoiisis-tha-einai-panta-polytima/,1,67,21.49,1.49,1.5102000000000002,0.020200000000000218
324,https://www.beautydiaries.gr/apopsi/tade-efi/ti-theloyn-na-soy-poyn-oi-ellinikoi-beauty-logariasmoi-toy-instagram-me-ta-postarismata-toys/,1,66,20.73,1.52,1.5288000000000006,0.008800000000000585
325,https://www.beautydiaries.gr/oraioi-anthropoi/celebrity-beauty/h-polyteli-seira-re-nutriv-tis-estee-lauder-sto-mpoyntoyar-mias-apithanis-personas/,1,66,22.5,1.52,1.5274000000000003,0.007400000000000295
326,https://www.beautydiaries.gr/nyxia/prosthese-ki-essie-chroma-kai-lampsi-sta-gkriza-soy-oneira/,1,64,12.53,1.56,1.5548000000000004,-0.005199999999999649
327,https://www.beautydiaries.gr/beauty-news-ta-nea-tis-omorfias/makigiaz/kragion-ti-apokalyptei-i-epilogi-soy-s-ayto/,1,64,27.0,1.56,1.5186000000000002,-0.04139999999999988
328,https://www.beautydiaries.gr/omorfoxamos/symvoulesomorfias/megalose-ta-matia-soy-me-to-sosto-makigiaz/,1,61,30.16,1.64,1.663400000000001,0.023400000000001198
329,https://www.beautydiaries.gr/apopsi/tade-efi/tha-einai-oi-nees-apochroseis-kragion-tis-nars-to-thema-tis-sezon/,1,60,20.48,1.67,1.685800000000001,0.015800000000001146
330,https://www.beautydiaries.gr/beauty-news-ta-nea-tis-omorfias/grooming/giati-to-loyk-toy-soyper-iroa-kris-evans-einai-panta-to-kati-allo/,1,60,22.15,1.67,1.6794000000000011,0.009400000000001185
331,https://www.beautydiaries.gr/tag/mystyleforecast-com/,1,59,7.0,1.69,1.686000000000001,-0.003999999999998893
332,https://www.beautydiaries.gr/apopsi/tade-efi/einai-polloi-oi-logoi-poy-to-iamatiko-nero-tis-avene-kanei-thaymata-stin-epidermida/,1,59,37.9,1.69,1.6806000000000012,-0.009399999999998743
333,https://www.beautydiaries.gr/beauty-news-ta-nea-tis-omorfias/mallia/peftoyn-sigoyra-ta-mallia-soy-kane-to-eykolo-test-kai-des-kai-tin-lysi/,1,58,29.31,1.72,1.7428000000000003,0.022800000000000376
334,https://www.beautydiaries.gr/apopsi/tade-efi/merika-oraia-poy-mono-oi-beauty-junkies-apolamvanoyn/,1,57,13.49,1.75,1.7781999999999996,0.02819999999999956
335,https://www.beautydiaries.gr/blog/oi-dikes-soy-valitses-einai-tigka-i-mpa/,1,57,18.82,1.75,1.7730000000000006,0.023000000000000576
336,https://www.beautydiaries.gr/apopsi/tade-efi/giati-ayto-to-nero-katharismoy-echei-kataktisei-tin-kathimerini-roytina-peripoiisis/,1,56,18.34,1.79,1.789800000000001,-0.0001999999999990898
337,https://www.beautydiaries.gr/2012/04/22/ωραία-πουναι-η-κυριακή/,1,54,7.94,1.85,1.8305999999999998,-0.019400000000000306
338,https://www.beautydiaries.gr/omorfoxamos/symvoulesomorfias/ligo-mono-makigiaz-mporei-na-se-kanei-na-deixeis-pio-xekoyrasti-kai-lamperi/,1,54,21.26,1.85,1.8499999999999988,-1.3322676295501878e-15
339,https://www.beautydiaries.gr/blog/na-feygeis-gia-na-se-mathaineis/,1,54,21.59,1.85,1.8499999999999988,-1.3322676295501878e-15
340,https://www.beautydiaries.gr/beautynews/peripoiisi/vitamini-c-kai-retinoli-poia-na-dialexeis-gia-tin-epidermida-soy-kai-giati/,1,54,36.83,1.85,1.8499999999999988,-1.3322676295501878e-15
341,https://www.beautydiaries.gr/2013/04/26/h-αισιοδοξία/,1,50,11.38,2.0,2.0278,0.027800000000000047
342,https://www.beautydiaries.gr/beauty-news-ta-nea-tis-omorfias/makigiaz/giati-to-neo-kragion-dramatically-different-lipstick-shaping-lip-colour-tis-clinique-einai-i-epitychia-tis-sezon/,1,50,16.58,2.0,2.0256000000000003,0.02560000000000029
343,https://www.beautydiaries.gr/nyxia/3-lathi-sto-manikioyr-poy-to-pio-pithanon-einai-oti-kaneis-ki-esy/,1,50,21.02,2.0,2.0206000000000004,0.020600000000000396
344,https://www.beautydiaries.gr/category/beauty-news-ta-nea-tis-omorfias/aroma/,1,49,14.39,2.04,2.0364000000000013,-0.0035999999999987153
345,https://www.beautydiaries.gr/beauty-news-ta-nea-tis-omorfias/mallia/na-pos-tha-metamorfoseis-ena-aplo-chtenisma-se-mia-sik-koyp/,1,49,14.43,2.04,2.036800000000001,-0.0031999999999992035
346,https://www.beautydiaries.gr/beauty-news-ta-nea-tis-omorfias/mallia/4-tips-gia-na-echeis-panta-analafres-mpoykles/,1,49,17.61,2.04,2.040800000000001,0.0008000000000008001
347,https://www.beautydiaries.gr/blog/ayto-einai-to-oraiotero-stolidi/,1,48,9.94,2.08,2.0904,0.010399999999999743
348,https://www.beautydiaries.gr/beauty-news-ta-nea-tis-omorfias/makigiaz/agapiti-makeup-addict-echeis-minyma-kai-koita-na-to-pareis-giati-echei-syllektiki-axia/,1,48,37.23,2.08,2.0789999999999993,-0.001000000000000778
349,https://www.beautydiaries.gr/oraioi-anthropoi/celebrity-beauty/des-to-pio-yperocho-makigiaz-apo-to-festival-kinimatografoy-venetias/,1,47,17.49,2.13,2.1191999999999998,-0.010800000000000143
350,https://www.beautydiaries.gr/beauty-news-ta-nea-tis-omorfias/peripoiisiprosopou/clinique-id-h-leyki-kapsoyla-poy-petychainei-ton-teleio-omoiomorfo-chromatiko-tono/,1,47,19.53,2.13,2.1523999999999988,0.022399999999998865
351,https://www.beautydiaries.gr/beauty-news-ta-nea-tis-omorfias/mallia/yparchei-tropos-na-prostateyeis-ta-mallia-soy-apo-ti-rypansi-toy-perivallontos/,1,47,34.53,2.13,2.1393999999999993,0.009399999999999409
352,https://www.beautydiaries.gr/omorfoxamos/beautyreview/giati-echei-trelathei-to-instagram-me-to-beauty-elixir/,1,45,7.84,2.22,2.2584,0.03839999999999977
353,https://www.beautydiaries.gr/stonkosmotisomorfias/omorfochamos-me-to-clinique-id/,1,45,10.24,2.22,2.2405999999999993,0.020599999999999064
354,https://www.beautydiaries.gr/beautynews/peripoiisi/posi-chara-mporei-na-soy-dosei-i-nea-viologiki-seira-peripoiisis-tis-garnier/,1,44,6.64,2.27,2.2673999999999994,-0.002600000000000602
355,https://www.beautydiaries.gr/beauty-questions/mikra-mystika-omorfias-gia-oles-tis-ores-40/,1,44,9.84,2.27,2.2803999999999993,0.010399999999999299
356,https://www.beautydiaries.gr/beauty-questions/mikra-mystika-omorfias-gia-oles-tis-ores-13/,1,44,14.36,2.27,2.254999999999999,-0.015000000000001013
357,https://www.beautydiaries.gr/beautynews/makigiaz/ola-osa-thes-na-xereis-gia-to-pio-agapimeno-kai-yperteleio-primer-tis-agoras-poy-ananeonei-ti-syskeyasia-toy/,1,44,18.91,2.27,2.3181999999999987,0.04819999999999869
358,https://www.beautydiaries.gr/blog/i-epilogi-toy-kragion-soy-apokalyptei-pragmatakia/,1,42,18.5,2.38,2.384999999999999,0.004999999999999005
359,https://www.beautydiaries.gr/blog/ta-beauty-tips-poy-diavazeis-ki-apostithizeis-monoroyfi/,1,41,22.27,2.44,2.441599999999999,0.0015999999999989356
360,https://www.beautydiaries.gr/beauty-news-ta-nea-tis-omorfias/aroma/logiko-einai-i-kara-na-echei-xetrelathei-m-ayto-to-aroma-freskadas/,1,41,23.61,2.44,2.4167999999999985,-0.02320000000000144
361,https://www.beautydiaries.gr/beautynews/makigiaz/to-makigiaz-me-tin-pio-sygklonistiki-yfi-periechei-elaio-triantafylloy/,1,40,19.05,2.5,2.4557999999999987,-0.04420000000000135
362,https://www.beautydiaries.gr/apopsi/tade-efi/ayti-i-antiliaki-krema-cherion-einai-mia-odi-gia-to-elliniko-kalokairi/,1,40,37.38,2.5,2.449399999999999,-0.05060000000000109
363,https://www.beautydiaries.gr/beauty-news-ta-nea-tis-omorfias/mallia/vres-ton-typo-ton-mallion-soy-kai-antimetopise-to-opoio-provlima-sti-riza/,1,39,18.23,2.56,2.6593999999999998,0.09939999999999971
364,https://www.beautydiaries.gr/beauty-questions/mikra-mystika-omorfias-gia-oles-tis-ores-39/,1,38,16.82,2.63,2.661399999999999,0.031399999999999206
365,https://www.beautydiaries.gr/beauty-news-ta-nea-tis-omorfias/aroma/dyo-nea-aromata-to-kati-allo-gia-tis-stigmes-poy-thes-na-kratiseis-konta-soy-gia-panta/,1,38,19.42,2.63,2.6439999999999997,0.01399999999999979
366,https://www.beautydiaries.gr/apopsi/omorfia/pote-epapses-na-pisteyeis-oti-eisai-omorfi-diary1/,1,37,8.86,2.7,2.692200000000001,-0.007799999999999141
367,https://www.beautydiaries.gr/blog/des-tin-allagi-sto-prosopo-toy-sk/,1,37,16.84,2.7,2.700600000000001,0.0006000000000008221
368,https://www.beautydiaries.gr/beauty-questions/mikra-mystika-omorfias-gia-oles-tis-ores-44/,1,37,18.38,2.7,2.7048000000000014,0.004800000000001248
369,https://www.beautydiaries.gr/beauty-news-ta-nea-tis-omorfias/aroma/carolina-herrera-ena-neo-zeygari-aromaton-212-vip-poy-quot-partarei-quot-alliotika/,1,37,39.92,2.7,2.684000000000001,-0.015999999999999126
370,https://www.beautydiaries.gr/beauty-news-ta-nea-tis-omorfias/peripoiisiprosopou/3-logoi-na-prostheseis-ayti-tin-antiliaki-gel-krema-prosopoy-sto-kalokairino-neseser-soy/,1,36,19.56,2.78,2.683200000000001,-0.09679999999999866
371,https://www.beautydiaries.gr/omorfoxamos/politeliproiontaomorfias/h-syllogi-balmain-hair-den-einai-apla-polytelis-alla-polla-perissotera-ap-ayto/,1,36,34.83,2.78,2.678000000000001,-0.10199999999999898
372,https://www.beautydiaries.gr/beautynews/makigiaz/ayti-i-paleta-skion-echeis-oles-tis-apochroseis-poy-kolakeyoyn-kathe-tono-epidermidas/,1,34,14.82,2.94,2.957999999999999,0.017999999999998906
373,https://www.beautydiaries.gr/apopsi/omorfia/otan-theleis-mporeis/,1,34,21.94,2.94,2.9507999999999988,0.01079999999999881
374,https://www.beautydiaries.gr/apopsi/omorfia/to-flert-metaxy-mas-echei-idi-xekinisei/,1,34,51.74,2.94,2.949399999999999,0.009399999999998965
375,https://www.beautydiaries.gr/beauty-news-ta-nea-tis-omorfias/makigiaz/poio-einai-ayto-to-panemorfo-koritsi-me-to-pio-teleio-kragion/,1,33,6.06,3.03,3.0336000000000007,0.003600000000000936
376,https://www.beautydiaries.gr/beauty-news-ta-nea-tis-omorfias/aroma/aroma-san-spitiko-kai-spanio-liker/,1,33,12.15,3.03,3.0378000000000007,0.007800000000000917
377,https://www.beautydiaries.gr/omorfoxamos/beautyreview/ta-instagram-accounts-poy-thes-na-akoloytheis-an-eisai-beauty-junkie/,1,33,15.36,3.03,3.0300000000000007,8.881784197001252e-16
378,https://www.beautydiaries.gr/beauty-news-ta-nea-tis-omorfias/grooming/to-telos-toy-game-of-thrones-echei-aroma-apo-kardamo-o-kit-charingkton-epivevaionei/,1,33,20.24,3.03,3.036000000000001,0.0060000000000011156
379,https://www.beautydiaries.gr/omorfoxamos/symvoulesomorfias/echeis-mayra-stigmata-antimetopise-ta/,1,33,21.45,3.03,3.0342000000000007,0.00420000000000087
380,https://www.beautydiaries.gr/beautynews/farmakeio/ayti-einai-i-teleia-sos-peripoiisi-gia-tin-xiri-ki-eyaisthiti-epidermida/,1,33,25.33,3.03,3.0264000000000006,-0.0035999999999991594
381,https://www.beautydiaries.gr/beauty-news-ta-nea-tis-omorfias/makigiaz/1-highlighter-poy-agapoyn-oi-gallides-2-symvoyles-gia-apsogi-efarmogi-toy/,1,33,25.52,3.03,3.0264000000000006,-0.0035999999999991594
382,https://www.beautydiaries.gr/omorfoxamos/oikonomikaproiontaomorfias/to-gel-ladi-katharismoy-me-e12-90-kai-paionia-poy-latreyei-kathe-neari-koreatissa/,1,33,33.73,3.03,3.0210000000000004,-0.008999999999999453
383,https://www.beautydiaries.gr/tag/jowae/,1,32,2.16,3.12,3.1210000000000013,0.0010000000000012221
384,https://www.beautydiaries.gr/omorfoxamos/beautyreview/mia-idiaiteri-etaireia-omorfias-mia-istoria-agapis-ki-ena-teleio-highlighter/,1,32,18.97,3.12,3.127400000000001,0.007400000000000961
385,https://www.beautydiaries.gr/beautynews/peripoiisi/to-proto-systima-anamixis-exatomikeymenis-enydatosis-clinique-id-einai-synarpastiko/,1,32,25.5,3.12,3.1296000000000017,0.009600000000001607
386,https://www.beautydiaries.gr/nyxia/vres-tis-akres-soy-gia-extra-chroma-kai-lampsi/,1,31,31.0,3.23,3.2916,0.06159999999999988
387,https://www.beautydiaries.gr/blog/echeis-polla-sto-kefali-soy/,1,30,5.5,3.33,3.3240000000000016,-0.005999999999998451
388,https://www.beautydiaries.gr/blog/to-kalokairi-einai-edo-ki-ora-na-xechasteis-stis-selides-toy/,1,30,15.7,3.33,3.330600000000002,0.0006000000000017103
389,https://www.beautydiaries.gr/omorfoxamos/symvoulesomorfias/mia-apli-kinisi-gia-na-epilexeis-to-sosto-antiliako-gia-kathe-mera/,1,30,27.9,3.33,3.3458000000000014,0.01580000000000137
390,https://www.beautydiaries.gr/2018/08/09/beauty-to-go-και-εδώ-να-τα-λέμε-αλλιώτικα/,1,29,22.31,3.45,3.477999999999998,0.027999999999997804
391,https://www.beautydiaries.gr/blog/i-agapi-einai-to-aroma-poy-thes-na-afineis-sto-perasma-soy/,1,29,37.83,3.45,3.4785999999999984,0.028599999999998182
392,https://www.beautydiaries.gr/apopsi/tade-efi/6-yperoches-after-sun-epiloges-poy-thes-na-xereis-oti-yparchoyn/,1,28,32.82,3.57,3.5859999999999963,0.01599999999999646
393,https://www.beautydiaries.gr/tag/symvoyles-omorfias/,1,28,77.25,3.57,3.5739999999999963,0.003999999999996451
394,https://www.beautydiaries.gr/2015/06/22/to-ξενύχτι-σου-μπορεί-να-είναι-κι-η-ιδανι/,1,27,5.89,3.7,3.652599999999997,-0.04740000000000322
395,https://www.beautydiaries.gr/apopsi/beautynews-apopsi/kragion-ti-epiloges-echeis-kai-pos-tha-dialexeis-to-sosto/,1,26,12.38,3.85,3.862799999999997,0.012799999999996814
396,https://www.beautydiaries.gr/beauty-questions/mikra-mystika-omorfias-gia-oles-tis-ores-41/,1,26,13.58,3.85,3.862799999999997,0.012799999999996814
397,https://www.beautydiaries.gr/apopsi/omorfia-apopsi/o-ti-moy-travixe-tin-prosochi-ayti-tin-evdomada-2/,1,26,13.77,3.85,3.862799999999997,0.012799999999996814
398,https://www.beautydiaries.gr/apopsi/tade-efi/i-aplotita-toy-mpioytokosmoy-kryvei-mikra-mystika/,1,26,18.73,3.85,3.8529999999999966,0.002999999999996561
399,https://www.beautydiaries.gr/beauty-questions/mikra-mystika-omorfias-gia-oles-tis-ores-16/,1,26,23.69,3.85,3.8499999999999965,-3.552713678800501e-15
400,https://www.beautydiaries.gr/omorfoxamos/beautyreview/3-beauty-logariasmoi-sto-instagram-poy-thes-na-kaneis-follow/,1,26,25.08,3.85,3.8499999999999965,-3.552713678800501e-15
401,https://www.beautydiaries.gr/omorfoxamos/symvoulesomorfias/yparchoyn-tropoi-na-veltioseis-tin-enydatosi-tis-epidermidas-toy-prosopoy-soy/,1,26,30.73,3.85,3.8529999999999966,0.002999999999996561
402,https://www.beautydiaries.gr/apopsi/tade-efi/20-tips-omorfias-giati-oi-mikres-kiniseis-soy-einai-poy-kanoyn-ti-diafora/,1,26,36.04,3.85,3.8529999999999966,0.002999999999996561
403,https://www.beautydiaries.gr/beautynews/peripoiisi/giati-na-frontiseis-tin-elastini-tis-epidermidas-soy/,1,25,21.72,4.0,4.028599999999999,0.02859999999999907
404,https://www.beautydiaries.gr/beauty-questions/mikra-mystika-omorfias-gia-oles-tis-ores-10/,1,25,29.24,4.0,4.031599999999999,0.031599999999999184
405,https://www.beautydiaries.gr/apopsi/des-gyro-soy-kalytera/,1,24,8.25,4.17,4.159999999999997,-0.01000000000000334
406,https://www.beautydiaries.gr/des-ta-panta-allios-ki-alliotika/add-something-special/tha-ithela-na-symvainoyn-pragmata-para-poly-oraia-pragmata/,1,24,12.0,4.17,4.159999999999997,-0.01000000000000334
407,https://www.beautydiaries.gr/omorfoxamos/takaliteraproiontaomorfias/10-yperocha-kragion-poy-tha-forethoyn-poly-olo-to-cheimona/,1,23,9.87,4.35,4.339999999999996,-0.01000000000000334
408,https://www.beautydiaries.gr/beautynews/soma/giati-na-dokimaseis-to-yperveloydino-body-butter-me-aroma-mentas/,1,23,15.09,4.35,4.357999999999997,0.007999999999997343
409,https://www.beautydiaries.gr/beauty-questions/mikra-mystika-omorfias-gia-oles-tis-ores-32/,1,23,15.78,4.35,4.369999999999997,0.019999999999997797
410,https://www.beautydiaries.gr/beauty-news-ta-nea-tis-omorfias/makigiaz/ayti-i-maskara-me-to-3d-printed-voyrtsaki-einai-apolyta-epanastatiki/,1,23,18.04,4.35,4.381399999999997,0.031399999999996986
411,https://www.beautydiaries.gr/beauty-questions/mikra-mystika-omorfias-gia-oles-tis-ores-23/,1,22,9.68,4.55,4.610000000000001,0.060000000000001386
412,https://www.beautydiaries.gr/xoros/ayti-einai-i-pio-spa-nia-stigmi-apolaysis/,1,22,13.14,4.55,4.5626000000000015,0.012600000000001721
413,https://www.beautydiaries.gr/beautynews/makigiaz/giati-chreiazesai-ena-gel-frydion-makras-diarkeias/,1,22,38.91,4.55,4.5656000000000025,0.015600000000002723
414,https://www.beautydiaries.gr/omorfoxamos/symvoulesomorfias/aytes-einai-oi-sostes-kiniseis-gia-to-teleio-ntemakigiaz/,1,21,24.43,4.76,4.708399999999999,-0.051600000000000534
415,https://www.beautydiaries.gr/beauty-news-ta-nea-tis-omorfias/makigiaz/ta-smoky-eyes-einai-i-pio-kayti-tasi-gia-tis-giortes/,1,20,18.7,5.0,5.091399999999998,0.09139999999999837
416,https://www.beautydiaries.gr/apopsi/tade-efi/e-nai-ayto-einai-to-teleio-proion-ntemakigiaz-poy-apomakrynei-kathe-eidoys-maskara/,1,19,9.95,5.26,5.296199999999998,0.036199999999998234
417,https://www.beautydiaries.gr/omorfoxamos/beautyreview/i-katharistiki-poydra-poy-afinei-alliotiki-aisthisi-sta-cheria-soy/,1,19,16.63,5.26,5.277199999999998,0.017199999999998106
418,https://www.beautydiaries.gr/apopsi/tobeautydiariesstobovary/esy-xechorizeis-tis-panades-apo-tis-kilides-tis-epidermidas-soy/,1,18,26.22,5.56,5.594600000000001,0.034600000000001074
419,https://www.beautydiaries.gr/beauty-news-ta-nea-tis-omorfias/grooming/vraveia-emmy-2019-oi-2-andres-poy-xechorisan-me-to-epivlitiko-styl-toys/,1,18,26.89,5.56,5.594600000000002,0.03460000000000196
420,https://www.beautydiaries.gr/beauty-questions/mikra-mystika-omorfias-gia-oles-tis-ores-27/,1,18,29.83,5.56,5.588200000000001,0.02820000000000178
421,https://www.beautydiaries.gr/beauty-questions/mikra-mystika-omorfias-gia-oles-tis-ores-25/,1,17,7.53,5.88,5.952599999999998,0.07259999999999778
422,https://www.beautydiaries.gr/beauty-news-ta-nea-tis-omorfias/peripoiisiprosopou/sheet-masks-oi-yfasmatines-maskes-poy-latreyoyn-oi-asiatisses-esy-tis-echeis-dokimasei/,1,17,8.53,5.88,6.012799999999998,0.1327999999999978
423,https://www.beautydiaries.gr/xoros/ena-pop-up-sto-kentro-tis-polis-poy-moschomyrizei-loyloydia/,1,17,16.41,5.88,5.940199999999997,0.06019999999999737
424,https://www.beautydiaries.gr/omorfoxamos/symvoulesomorfias/giati-na-protimiseis-ti-mple-anti-tis-mayris-maskara/,1,17,27.24,5.88,5.878599999999998,-0.0014000000000020663
425,https://www.beautydiaries.gr/blog/volepsoy-esy-kai-tha-rthei-ki-o-cheimonas/,1,16,7.38,6.25,6.3744,0.12439999999999962
426,https://www.beautydiaries.gr/tag/farmakeio-christinas-gkioyrda/,1,16,20.88,6.25,6.340999999999999,0.0909999999999993
427,https://www.beautydiaries.gr/apopsi/tade-efi/esy-anagnorizeis-ti-mageia-tis-galenic/,1,16,26.75,6.25,6.2703999999999995,0.02039999999999953
428,https://www.beautydiaries.gr/beauty-news-ta-nea-tis-omorfias/makigiaz/h-nea-ygri-skia-ypsilis-diarkeias-kai-mia-soyper-syllogi-makigiaz-empotismeni-me-krystalloys/,1,16,33.38,6.25,6.33,0.08000000000000007
429,https://www.beautydiaries.gr/beauty-news-ta-nea-tis-omorfias/makigiaz/ayti-einai-i-oraioteri-vegan-mascara-kai-charizei-theamatiko-ogko/,1,16,46.56,6.25,6.33,0.08000000000000007
430,https://www.beautydiaries.gr/omorfoxamos/politeliproiontaomorfias/h-pio-polytelis-aromatiki-syllogi-einai-ki-apolyta-ethistiki/,1,15,8.13,6.67,6.712399999999998,0.042399999999997995
431,https://www.beautydiaries.gr/beautynews/aroma/pos-ginetai-dyo-aromata-na-einai-toso-idia-kai-toso-diaforetika/,1,14,5.93,7.14,7.150999999999991,0.010999999999991239
432,https://www.beautydiaries.gr/beauty-news-ta-nea-tis-omorfias/soma/kanoyme-mia-koyventa-gia-tin-anazoogonisi-sto-mpanio/,1,14,6.57,7.14,7.2169999999999925,0.07699999999999285
433,https://www.beautydiaries.gr/beautynews/aroma/otan-ena-glyko-aroma-simatodotei-tis-stigmes-charas-soy/,1,14,9.07,7.14,7.178999999999991,0.03899999999999171
434,https://www.beautydiaries.gr/beautynews/farmakeio/i-enydatiki-krema-me-chroma-ki-antiliako-deikti-prostasias-poy-paei-gia-diploma-eyresitechnias/,1,14,11.0,7.14,7.217999999999992,0.0779999999999923
435,https://www.beautydiaries.gr/beauty-questions/mikra-mystika-omorfias-gia-oles-tis-ores-36/,1,14,16.21,7.14,7.217999999999992,0.0779999999999923
436,https://www.beautydiaries.gr/omorfoxamos/oitaseisstinomorfia/2-taseis-sta-mallia-toy-fthinoporoy-poy-tha-forethoyn-poly/,1,14,25.86,7.14,7.086599999999992,-0.053400000000007886
437,https://www.beautydiaries.gr/beautynews/soma/mporei-ena-afroloytro-na-antikatastisei-to-aroma-soy/,1,14,26.0,7.14,7.192799999999992,0.05279999999999241
438,https://www.beautydiaries.gr/beautynews/soma/h-100-vegan-enydatiki-krema-somatos-echei-to-pio-teleio-aroma-gkreipfroyt/,1,13,7.31,7.69,7.4039999999999955,-0.2860000000000049
439,https://www.beautydiaries.gr/beautynews/peripoiisi/fili-millennial-to-noy-soy-sta-proionta-katharismoy-me-ekchylismata-apo-mpamia-kydoni-kai-kiichigo-eidos-moyroy/,1,12,9.33,8.33,9.308399999999992,0.9783999999999917
440,https://www.beautydiaries.gr/beauty-news-ta-nea-tis-omorfias/makigiaz/mporeis-na-fantasteis-poso-teleio-mporei-na-einai-ena-kragion-me-superfruits/,1,12,22.92,8.33,9.241599999999991,0.9115999999999911
441,https://www.beautydiaries.gr/beautynews/fersoy-san-paidi/3-teleia-paidika-proionta-peripoiisis-poy-kanoyn-kai-gia-sena/,1,11,13.09,9.09,9.070399999999992,-0.01960000000000761
442,https://www.beautydiaries.gr/beauty-questions/mikra-mystika-omorfias-gia-oles-tis-ores-9/,1,11,16.0,9.09,9.052199999999992,-0.03780000000000783
443,https://www.beautydiaries.gr/beauty-news-ta-nea-tis-omorfias/mallia/3-logoi-poy-to-dry-shampoo-leitoyrgei-magika-gia-ta-mallia/?fbclid=IwAR2cwULHM0O9-lyLHBsblzrtLKrJ6NrC6Ug_mZTaVRMRH4w33wnQb0W5R8Q,1,11,37.36,9.09,9.108199999999991,0.018199999999991334
444,https://www.beautydiaries.gr/2010/11/12/i-love-lanvin/,1,11,38.36,9.09,9.108199999999991,0.018199999999991334
445,https://www.beautydiaries.gr/apopsi/beautynews-apopsi/oi-skin-experts-toy-hollywood-apokalyptoyn-ta-mystika-tis-apsegadiastis-epidermidas/,1,10,8.6,10.0,9.949199999999998,-0.0508000000000024
446,https://www.beautydiaries.gr/omorfoxamos/beautyreview/soy-vrika-ta-prota-teleia-dora-omorfias-gia-tin-lista-soy/,1,10,12.2,10.0,9.844599999999998,-0.15540000000000198
447,https://www.beautydiaries.gr/apopsi/tade-efi/maskes-enydatosis-giati-soy-einai-toso-aparaitites/,1,10,20.7,10.0,9.753599999999995,-0.24640000000000484
448,https://www.beautydiaries.gr/beauty-news-ta-nea-tis-omorfias/makigiaz/yperocho-to-kragion-poy-periechei-voytyro-karite-kai-voytyro-mangko-ti-to-kanei-toso-monadiko/,1,10,21.7,10.0,9.890799999999999,-0.1092000000000013
449,https://www.beautydiaries.gr/2017/05/16/to-φλερτ-μεταξύ-μας-έχει-ήδη-ξεκινήσει/,1,10,36.2,10.0,9.890799999999999,-0.1092000000000013
450,https://www.beautydiaries.gr/omorfoxamos/oitaseisstinomorfia/oi-fakides-kai-i-diaforetikotita-einai-pia-ena-yperocho-beauty-trend/,1,10,67.4,10.0,9.817999999999996,-0.18200000000000394
451,https://www.beautydiaries.gr/2014/12/30/περί-τρυφεράδας/,1,8,13.25,12.5,13.245999999999999,0.7459999999999987
452,https://www.beautydiaries.gr/apopsi/omorfia/peri-tryferadas/,1,8,18.75,12.5,13.435399999999998,0.9353999999999978
453,https://www.beautydiaries.gr/beauty-news-ta-nea-tis-omorfias/peripoiisiprosopou/ayti-i-kalokairini-lampsi-tis-epidermidas-soy-mporei-na-kratisei-gia-panta/,1,7,5.86,14.29,15.711799999999997,1.4217999999999975
454,https://www.beautydiaries.gr/apopsi/omorfia/mporei-ena-proino-na-echei-tosi-tryferada/,1,7,30.29,14.29,15.000799999999995,0.7107999999999954
455,https://www.beautydiaries.gr/tag/lista-me-tis-kalyteres-kremes-imeras/,1,6,22.0,16.67,18.154199999999992,1.4841999999999906
456,https://www.beautydiaries.gr/beauty-news-ta-nea-tis-omorfias/peripoiisiprosopou/h-pio-classic-enydatosi-stin-pio-sygchroni-yfi/,1,5,15.0,20.0,20.3,0.3000000000000007
457,https://www.beautydiaries.gr/2010/10/27/ότι-μου-κάνει-ακόμη-κλινικ/,1,5,16.2,20.0,20.1334,0.13340000000000174
458,https://www.beautydiaries.gr/beautynews/peripoiisiprosopou/emminopaysi-laimos-ntekolte-kai-peripoiisi-sta-50/,1,5,40.8,20.0,20.2192,0.21920000000000073
459,https://www.beautydiaries.gr/tag/clinique-id/,1,4,3.0,25.0,25.0,0.0
460,https://www.beautydiaries.gr/tag/the-iz-way/,1,4,3.75,25.0,25.0,0.0
461,https://www.beautydiaries.gr/beautynews/aroma/neos-tropos-gia-na-enischythei-to-agapimeno-soy-aroma/,1,4,21.25,25.0,24.233400000000003,-0.7665999999999968
462,https://www.beautydiaries.gr/tag/cheiropoiita-proionta-omorfias/,1,4,52.0,25.0,23.7,-1.3000000000000007
463,https://www.beautydiaries.gr/tag/axesoyar-sta-mallia/,1,3,2.33,33.33,33.66359999999998,0.3335999999999828
464,https://www.beautydiaries.gr/tag/aveda-teo/,1,3,2.67,33.33,33.83039999999998,0.5003999999999849
465,https://www.beautydiaries.gr/tag/odigies-chrisis-aromaton/,1,3,4.67,33.33,32.996999999999986,-0.3330000000000126
466,https://www.beautydiaries.gr/tag/i-kara-ntelevin-ypografei-gia-to-neo-dior-kragion/,1,3,8.33,33.33,32.830199999999984,-0.4998000000000147
467,https://www.beautydiaries.gr/tag/symvoyloi-tis-clinique/,1,3,27.67,33.33,32.515999999999984,-0.8140000000000143
468,https://www.beautydiaries.gr/tag/lait-creme-concentre-tis-embryolisse/,1,3,54.67,33.33,32.13039999999999,-1.1996000000000109
469,https://www.beautydiaries.gr/tag/hei-poa/,1,2,1.0,50.0,67.0,17.0
470,https://www.beautydiaries.gr/tag/acqua-di-parma/,1,1,1.0,100.0,99.0,-1.0
471,https://www.beautydiaries.gr/tag/lipari-epidermida/,1,1,1.0,100.0,99.0,-1.0
472,https://www.beautydiaries.gr/tag/vichy/page/2/,1,1,1.0,100.0,99.0,-1.0
473,https://www.beautydiaries.gr/tag/krema-mation/,1,1,2.0,100.0,99.0,-1.0
474,https://www.beautydiaries.gr/tag/beauty-elixir/,1,1,3.0,100.0,100.0,0.0
475,https://www.beautydiaries.gr/tag/stay-naked-weightless-liquid-foundation/,1,1,3.0,100.0,100.0,0.0
476,https://www.beautydiaries.gr/tag/tasi-me-teleia-sta-nychia/,1,1,4.0,100.0,100.0,0.0
477,https://www.beautydiaries.gr/tag/panades-kai-kilides/,1,1,7.0,100.0,100.0,0.0
478,https://www.beautydiaries.gr/tag/sakoyles-sta-matia/,1,1,9.0,100.0,100.0,0.0
